,NationalNo,Name,Type,Type_1,Type_2,HP,Attack,Defense,Sp.Atk,Sp.Def,Speed,Total,Average
0,001,Bulbasaur,"[Grass, Poison]",Grass,Poison,45,49,49,65,65,45,318,53
1,002,Ivysaur,"[Grass, Poison]",Grass,Poison,60,62,63,80,80,60,405,67
2,003,Venusaur,"[Grass, Poison]",Grass,Poison,80,82,83,100,100,80,525,87
3,003,Venusaur Mega Venusaur,"[Grass, Poison]",Grass,Poison,80,100,123,122,120,80,625,104
4,004,Charmander,"[Fire, None]",Fire,None,39,52,43,60,50,65,309,51
5,005,Charmeleon,"[Fire, None]",Fire,None,58,64,58,80,65,80,405,67
6,006,Charizard,"[Fire, Flying]",Fire,Flying,78,84,78,109,85,100,534,89
7,006,Charizard Mega Charizard X,"[Fire, Dragon]",Fire,Dragon,78,130,111,130,85,100,634,105
8,006,Charizard Mega Charizard Y,"[Fire, Flying]",Fire,Flying,78,104,78,159,115,100,634,105
9,007,Squirtle,"[Water, None]",Water,None,44,48,65,50,64,43,314,52
10,008,Wartortle,"[Water, None]",Water,None,59,63,80,65,80,58,405,67
11,009,Blastoise,"[Water, None]",Water,None,79,83,100,85,105,78,530,88
12,009,Blastoise Mega Blastoise,"[Water, None]",Water,None,79,103,120,135,115,78,630,105
13,010,Caterpie,"[Bug, None]",Bug,None,45,30,35,20,20,45,195,32
14,011,Metapod,"[Bug, None]",Bug,None,50,20,55,25,25,30,205,34
15,012,Butterfree,"[Bug, Flying]",Bug,Flying,60,45,50,90,80,70,395,65
16,013,Weedle,"[Bug, Poison]",Bug,Poison,40,35,30,20,20,50,195,32
17,014,Kakuna,"[Bug, Poison]",Bug,Poison,45,25,50,25,25,35,205,34
18,015,Beedrill,"[Bug, Poison]",Bug,Poison,65,90,40,45,80,75,395,65
19,015,Beedrill Mega Beedrill,"[Bug, Poison]",Bug,Poison,65,150,40,15,80,145,495,82
20,016,Pidgey,"[Normal, Flying]",Normal,Flying,40,45,40,35,35,56,251,41
21,017,Pidgeotto,"[Normal, Flying]",Normal,Flying,63,60,55,50,50,71,349,58
22,018,Pidgeot,"[Normal, Flying]",Normal,Flying,83,80,75,70,70,101,479,79
23,018,Pidgeot Mega Pidgeot,"[Normal, Flying]",Normal,Flying,83,80,80,135,80,121,579,96
24,019,Rattata,"[Normal, None]",Normal,None,30,56,35,25,35,72,253,42
25,019,Rattata Alolan Rattata,"[Dark, Normal]",Dark,Normal,30,56,35,25,35,72,253,42
26,020,Raticate,"[Normal, None]",Normal,None,55,81,60,50,70,97,413,68
27,020,Raticate Alolan Raticate,"[Dark, Normal]",Dark,Normal,75,71,70,40,80,77,413,68
28,021,Spearow,"[Normal, Flying]",Normal,Flying,40,60,30,31,31,70,262,43
29,022,Fearow,"[Normal, Flying]",Normal,Flying,65,90,65,61,61,100,442,73
30,023,Ekans,"[Poison, None]",Poison,None,35,60,44,40,54,55,288,48
31,024,Arbok,"[Poison, None]",Poison,None,60,95,69,65,79,80,448,74
32,025,Pikachu,"[Electric, None]",Electric,None,35,55,40,50,50,90,320,53
33,025,Pikachu Partner Pikachu,"[Electric, None]",Electric,None,45,80,50,75,60,120,430,71
34,026,Raichu,"[Electric, None]",Electric,None,60,90,55,90,80,110,485,80
35,026,Raichu Alolan Raichu,"[Electric, Psychic]",Electric,Psychic,60,85,50,95,85,110,485,80
36,027,Sandshrew,"[Ground, None]",Ground,None,50,75,85,20,30,40,300,50
37,027,Sandshrew Alolan Sandshrew,"[Ice, Steel]",Ice,Steel,50,75,90,10,35,40,300,50
38,028,Sandslash,"[Ground, None]",Ground,None,75,100,110,45,55,65,450,75
39,028,Sandslash Alolan Sandslash,"[Ice, Steel]",Ice,Steel,75,100,120,25,65,65,450,75
40,029,Nidoran♀,"[Poison, None]",Poison,None,55,47,52,40,40,41,275,45
41,030,Nidorina,"[Poison, None]",Poison,None,70,62,67,55,55,56,365,60
42,031,Nidoqueen,"[Poison, Ground]",Poison,Ground,90,92,87,75,85,76,505,84
43,032,Nidoran♂,"[Poison, None]",Poison,None,46,57,40,40,40,50,273,45
44,033,Nidorino,"[Poison, None]",Poison,None,61,72,57,55,55,65,365,60
45,034,Nidoking,"[Poison, Ground]",Poison,Ground,81,102,77,85,75,85,505,84
46,035,Clefairy,"[Fairy, None]",Fairy,None,70,45,48,60,65,35,323,53
47,036,Clefable,"[Fairy, None]",Fairy,None,95,70,73,95,90,60,483,80
48,037,Vulpix,"[Fire, None]",Fire,None,38,41,40,50,65,65,299,49
49,037,Vulpix Alolan Vulpix,"[Ice, None]",Ice,None,38,41,40,50,65,65,299,49
50,038,Ninetales,"[Fire, None]",Fire,None,73,76,75,81,100,100,505,84
51,038,Ninetales Alolan Ninetales,"[Ice, Fairy]",Ice,Fairy,73,67,75,81,100,109,505,84
52,039,Jigglypuff,"[Normal, Fairy]",Normal,Fairy,115,45,20,45,25,20,270,45
53,040,Wigglytuff,"[Normal, Fairy]",Normal,Fairy,140,70,45,85,50,45,435,72
54,041,Zubat,"[Poison, Flying]",Poison,Flying,40,45,35,30,40,55,245,40
55,042,Golbat,"[Poison, Flying]",Poison,Flying,75,80,70,65,75,90,455,75
56,043,Oddish,"[Grass, Poison]",Grass,Poison,45,50,55,75,65,30,320,53
57,044,Gloom,"[Grass, Poison]",Grass,Poison,60,65,70,85,75,40,395,65
58,045,Vileplume,"[Grass, Poison]",Grass,Poison,75,80,85,110,90,50,490,81
59,046,Paras,"[Bug, Grass]",Bug,Grass,35,70,55,45,55,25,285,47
60,047,Parasect,"[Bug, Grass]",Bug,Grass,60,95,80,60,80,30,405,67
61,048,Venonat,"[Bug, Poison]",Bug,Poison,60,55,50,40,55,45,305,50
62,049,Venomoth,"[Bug, Poison]",Bug,Poison,70,65,60,90,75,90,450,75
63,050,Diglett,"[Ground, None]",Ground,None,10,55,25,35,45,95,265,44
64,050,Diglett Alolan Diglett,"[Ground, Steel]",Ground,Steel,10,55,30,35,45,90,265,44
65,051,Dugtrio,"[Ground, None]",Ground,None,35,100,50,50,70,120,425,70
66,051,Dugtrio Alolan Dugtrio,"[Ground, Steel]",Ground,Steel,35,100,60,50,70,110,425,70
67,052,Meowth,"[Normal, None]",Normal,None,40,45,35,40,40,90,290,48
68,052,Meowth Alolan Meowth,"[Dark, None]",Dark,None,40,35,35,50,40,90,290,48
69,052,Meowth Galarian Meowth,"[Steel, None]",Steel,None,50,65,55,40,40,40,290,48
70,053,Persian,"[Normal, None]",Normal,None,65,70,60,65,65,115,440,73
71,053,Persian Alolan Persian,"[Dark, None]",Dark,None,65,60,60,75,65,115,440,73
72,054,Psyduck,"[Water, None]",Water,None,50,52,48,65,50,55,320,53
73,055,Golduck,"[Water, None]",Water,None,80,82,78,95,80,85,500,83
74,056,Mankey,"[Fighting, None]",Fighting,None,40,80,35,35,45,70,305,50
75,057,Primeape,"[Fighting, None]",Fighting,None,65,105,60,60,70,95,455,75
76,058,Growlithe,"[Fire, None]",Fire,None,55,70,45,70,50,60,350,58
77,059,Arcanine,"[Fire, None]",Fire,None,90,110,80,100,80,95,555,92
78,060,Poliwag,"[Water, None]",Water,None,40,50,40,40,40,90,300,50
79,061,Poliwhirl,"[Water, None]",Water,None,65,65,65,50,50,90,385,64
80,062,Poliwrath,"[Water, Fighting]",Water,Fighting,90,95,95,70,90,70,510,85
81,063,Abra,"[Psychic, None]",Psychic,None,25,20,15,105,55,90,310,51
82,064,Kadabra,"[Psychic, None]",Psychic,None,40,35,30,120,70,105,400,66
83,065,Alakazam,"[Psychic, None]",Psychic,None,55,50,45,135,95,120,500,83
84,065,Alakazam Mega Alakazam,"[Psychic, None]",Psychic,None,55,50,65,175,105,150,600,100
85,066,Machop,"[Fighting, None]",Fighting,None,70,80,50,35,35,35,305,50
86,067,Machoke,"[Fighting, None]",Fighting,None,80,100,70,50,60,45,405,67
87,068,Machamp,"[Fighting, None]",Fighting,None,90,130,80,65,85,55,505,84
88,069,Bellsprout,"[Grass, Poison]",Grass,Poison,50,75,35,70,30,40,300,50
89,070,Weepinbell,"[Grass, Poison]",Grass,Poison,65,90,50,85,45,55,390,65
90,071,Victreebel,"[Grass, Poison]",Grass,Poison,80,105,65,100,70,70,490,81
91,072,Tentacool,"[Water, Poison]",Water,Poison,40,40,35,50,100,70,335,55
92,073,Tentacruel,"[Water, Poison]",Water,Poison,80,70,65,80,120,100,515,85
93,074,Geodude,"[Rock, Ground]",Rock,Ground,40,80,100,30,30,20,300,50
94,074,Geodude Alolan Geodude,"[Rock, Electric]",Rock,Electric,40,80,100,30,30,20,300,50
95,075,Graveler,"[Rock, Ground]",Rock,Ground,55,95,115,45,45,35,390,65
96,075,Graveler Alolan Graveler,"[Rock, Electric]",Rock,Electric,55,95,115,45,45,35,390,65
97,076,Golem,"[Rock, Ground]",Rock,Ground,80,120,130,55,65,45,495,82
98,076,Golem Alolan Golem,"[Rock, Electric]",Rock,Electric,80,120,130,55,65,45,495,82
99,077,Ponyta,"[Fire, None]",Fire,None,50,85,55,65,65,90,410,68
100,077,Ponyta Galarian Ponyta,"[Psychic, None]",Psychic,None,50,85,55,65,65,90,410,68
101,078,Rapidash,"[Fire, None]",Fire,None,65,100,70,80,80,105,500,83
102,078,Rapidash Galarian Rapidash,"[Psychic, Fairy]",Psychic,Fairy,65,100,70,80,80,105,500,83
103,079,Slowpoke,"[Water, Psychic]",Water,Psychic,90,65,65,40,40,15,315,52
104,080,Slowbro,"[Water, Psychic]",Water,Psychic,95,75,110,100,80,30,490,81
105,080,Slowbro Mega Slowbro,"[Water, Psychic]",Water,Psychic,95,75,180,130,80,30,590,98
106,081,Magnemite,"[Electric, Steel]",Electric,Steel,25,35,70,95,55,45,325,54
107,082,Magneton,"[Electric, Steel]",Electric,Steel,50,60,95,120,70,70,465,77
108,083,Farfetch'd,"[Normal, Flying]",Normal,Flying,52,90,55,58,62,60,377,62
109,083,Farfetch'd Galarian Farfetch'd,"[Fighting, None]",Fighting,None,52,95,55,58,62,55,377,62
110,084,Doduo,"[Normal, Flying]",Normal,Flying,35,85,45,35,35,75,310,51
111,085,Dodrio,"[Normal, Flying]",Normal,Flying,60,110,70,60,60,110,470,78
112,086,Seel,"[Water, None]",Water,None,65,45,55,45,70,45,325,54
113,087,Dewgong,"[Water, Ice]",Water,Ice,90,70,80,70,95,70,475,79
114,088,Grimer,"[Poison, None]",Poison,None,80,80,50,40,50,25,325,54
115,088,Grimer Alolan Grimer,"[Poison, Dark]",Poison,Dark,80,80,50,40,50,25,325,54
116,089,Muk,"[Poison, None]",Poison,None,105,105,75,65,100,50,500,83
117,089,Muk Alolan Muk,"[Poison, Dark]",Poison,Dark,105,105,75,65,100,50,500,83
118,090,Shellder,"[Water, None]",Water,None,30,65,100,45,25,40,305,50
119,091,Cloyster,"[Water, Ice]",Water,Ice,50,95,180,85,45,70,525,87
120,092,Gastly,"[Ghost, Poison]",Ghost,Poison,30,35,30,100,35,80,310,51
121,093,Haunter,"[Ghost, Poison]",Ghost,Poison,45,50,45,115,55,95,405,67
122,094,Gengar,"[Ghost, Poison]",Ghost,Poison,60,65,60,130,75,110,500,83
123,094,Gengar Mega Gengar,"[Ghost, Poison]",Ghost,Poison,60,65,80,170,95,130,600,100
124,095,Onix,"[Rock, Ground]",Rock,Ground,35,45,160,30,45,70,385,64
125,096,Drowzee,"[Psychic, None]",Psychic,None,60,48,45,43,90,42,328,54
126,097,Hypno,"[Psychic, None]",Psychic,None,85,73,70,73,115,67,483,80
127,098,Krabby,"[Water, None]",Water,None,30,105,90,25,25,50,325,54
128,099,Kingler,"[Water, None]",Water,None,55,130,115,50,50,75,475,79
129,100,Voltorb,"[Electric, None]",Electric,None,40,30,50,55,55,100,330,55
130,101,Electrode,"[Electric, None]",Electric,None,60,50,70,80,80,150,490,81
131,102,Exeggcute,"[Grass, Psychic]",Grass,Psychic,60,40,80,60,45,40,325,54
132,103,Exeggutor,"[Grass, Psychic]",Grass,Psychic,95,95,85,125,75,55,530,88
133,103,Exeggutor Alolan Exeggutor,"[Grass, Dragon]",Grass,Dragon,95,105,85,125,75,45,530,88
134,104,Cubone,"[Ground, None]",Ground,None,50,50,95,40,50,35,320,53
135,105,Marowak,"[Ground, None]",Ground,None,60,80,110,50,80,45,425,70
136,105,Marowak Alolan Marowak,"[Fire, Ghost]",Fire,Ghost,60,80,110,50,80,45,425,70
137,106,Hitmonlee,"[Fighting, None]",Fighting,None,50,120,53,35,110,87,455,75
138,107,Hitmonchan,"[Fighting, None]",Fighting,None,50,105,79,35,110,76,455,75
139,108,Lickitung,"[Normal, None]",Normal,None,90,55,75,60,75,30,385,64
140,109,Koffing,"[Poison, None]",Poison,None,40,65,95,60,45,35,340,56
141,110,Weezing,"[Poison, None]",Poison,None,65,90,120,85,70,60,490,81
142,110,Weezing Galarian Weezing,"[Poison, Fairy]",Poison,Fairy,65,90,120,85,70,60,490,81
143,111,Rhyhorn,"[Ground, Rock]",Ground,Rock,80,85,95,30,30,25,345,57
144,112,Rhydon,"[Ground, Rock]",Ground,Rock,105,130,120,45,45,40,485,80
145,113,Chansey,"[Normal, None]",Normal,None,250,5,5,35,105,50,450,75
146,114,Tangela,"[Grass, None]",Grass,None,65,55,115,100,40,60,435,72
147,115,Kangaskhan,"[Normal, None]",Normal,None,105,95,80,40,80,90,490,81
148,115,Kangaskhan Mega Kangaskhan,"[Normal, None]",Normal,None,105,125,100,60,100,100,590,98
149,116,Horsea,"[Water, None]",Water,None,30,40,70,70,25,60,295,49
150,117,Seadra,"[Water, None]",Water,None,55,65,95,95,45,85,440,73
151,118,Goldeen,"[Water, None]",Water,None,45,67,60,35,50,63,320,53
152,119,Seaking,"[Water, None]",Water,None,80,92,65,65,80,68,450,75
153,120,Staryu,"[Water, None]",Water,None,30,45,55,70,55,85,340,56
154,121,Starmie,"[Water, Psychic]",Water,Psychic,60,75,85,100,85,115,520,86
155,122,Mr. Mime,"[Psychic, Fairy]",Psychic,Fairy,40,45,65,100,120,90,460,76
156,122,Mr. Mime Galarian Mr. Mime,"[Psychic, Ice]",Psychic,Ice,50,65,65,90,90,100,460,76
157,123,Scyther,"[Bug, Flying]",Bug,Flying,70,110,80,55,80,105,500,83
158,124,Jynx,"[Ice, Psychic]",Ice,Psychic,65,50,35,115,95,95,455,75
159,125,Electabuzz,"[Electric, None]",Electric,None,65,83,57,95,85,105,490,81
160,126,Magmar,"[Fire, None]",Fire,None,65,95,57,100,85,93,495,82
161,127,Pinsir,"[Bug, None]",Bug,None,65,125,100,55,70,85,500,83
162,127,Pinsir Mega Pinsir,"[Bug, Flying]",Bug,Flying,65,155,120,65,90,105,600,100
163,128,Tauros,"[Normal, None]",Normal,None,75,100,95,40,70,110,490,81
164,129,Magikarp,"[Water, None]",Water,None,20,10,55,15,20,80,200,33
165,130,Gyarados,"[Water, Flying]",Water,Flying,95,125,79,60,100,81,540,90
166,130,Gyarados Mega Gyarados,"[Water, Dark]",Water,Dark,95,155,109,70,130,81,640,106
167,131,Lapras,"[Water, Ice]",Water,Ice,130,85,80,85,95,60,535,89
168,132,Ditto,"[Normal, None]",Normal,None,48,48,48,48,48,48,288,48
169,133,Eevee,"[Normal, None]",Normal,None,55,55,50,45,65,55,325,54
170,133,Eevee Partner Eevee,"[Normal, None]",Normal,None,65,75,70,65,85,75,435,72
171,134,Vaporeon,"[Water, None]",Water,None,130,65,60,110,95,65,525,87
172,135,Jolteon,"[Electric, None]",Electric,None,65,65,60,110,95,130,525,87
173,136,Flareon,"[Fire, None]",Fire,None,65,130,60,95,110,65,525,87
174,137,Porygon,"[Normal, None]",Normal,None,65,60,70,85,75,40,395,65
175,138,Omanyte,"[Rock, Water]",Rock,Water,35,40,100,90,55,35,355,59
176,139,Omastar,"[Rock, Water]",Rock,Water,70,60,125,115,70,55,495,82
177,140,Kabuto,"[Rock, Water]",Rock,Water,30,80,90,55,45,55,355,59
178,141,Kabutops,"[Rock, Water]",Rock,Water,60,115,105,65,70,80,495,82
179,142,Aerodactyl,"[Rock, Flying]",Rock,Flying,80,105,65,60,75,130,515,85
180,142,Aerodactyl Mega Aerodactyl,"[Rock, Flying]",Rock,Flying,80,135,85,70,95,150,615,102
181,143,Snorlax,"[Normal, None]",Normal,None,160,110,65,65,110,30,540,90
182,144,Articuno,"[Ice, Flying]",Ice,Flying,90,85,100,95,125,85,580,96
183,145,Zapdos,"[Electric, Flying]",Electric,Flying,90,90,85,125,90,100,580,96
184,146,Moltres,"[Fire, Flying]",Fire,Flying,90,100,90,125,85,90,580,96
185,147,Dratini,"[Dragon, None]",Dragon,None,41,64,45,50,50,50,300,50
186,148,Dragonair,"[Dragon, None]",Dragon,None,61,84,65,70,70,70,420,70
187,149,Dragonite,"[Dragon, Flying]",Dragon,Flying,91,134,95,100,100,80,600,100
188,150,Mewtwo,"[Psychic, None]",Psychic,None,106,110,90,154,90,130,680,113
189,150,Mewtwo Mega Mewtwo X,"[Psychic, Fighting]",Psychic,Fighting,106,190,100,154,100,130,780,130
190,150,Mewtwo Mega Mewtwo Y,"[Psychic, None]",Psychic,None,106,150,70,194,120,140,780,130
191,151,Mew,"[Psychic, None]",Psychic,None,100,100,100,100,100,100,600,100
192,152,Chikorita,"[Grass, None]",Grass,None,45,49,65,49,65,45,318,53
193,153,Bayleef,"[Grass, None]",Grass,None,60,62,80,63,80,60,405,67
194,154,Meganium,"[Grass, None]",Grass,None,80,82,100,83,100,80,525,87
195,155,Cyndaquil,"[Fire, None]",Fire,None,39,52,43,60,50,65,309,51
196,156,Quilava,"[Fire, None]",Fire,None,58,64,58,80,65,80,405,67
197,157,Typhlosion,"[Fire, None]",Fire,None,78,84,78,109,85,100,534,89
198,158,Totodile,"[Water, None]",Water,None,50,65,64,44,48,43,314,52
199,159,Croconaw,"[Water, None]",Water,None,65,80,80,59,63,58,405,67
200,160,Feraligatr,"[Water, None]",Water,None,85,105,100,79,83,78,530,88
201,161,Sentret,"[Normal, None]",Normal,None,35,46,34,35,45,20,215,35
202,162,Furret,"[Normal, None]",Normal,None,85,76,64,45,55,90,415,69
203,163,Hoothoot,"[Normal, Flying]",Normal,Flying,60,30,30,36,56,50,262,43
204,164,Noctowl,"[Normal, Flying]",Normal,Flying,100,50,50,86,96,70,452,75
205,165,Ledyba,"[Bug, Flying]",Bug,Flying,40,20,30,40,80,55,265,44
206,166,Ledian,"[Bug, Flying]",Bug,Flying,55,35,50,55,110,85,390,65
207,167,Spinarak,"[Bug, Poison]",Bug,Poison,40,60,40,40,40,30,250,41
208,168,Ariados,"[Bug, Poison]",Bug,Poison,70,90,70,60,70,40,400,66
209,169,Crobat,"[Poison, Flying]",Poison,Flying,85,90,80,70,80,130,535,89
210,170,Chinchou,"[Water, Electric]",Water,Electric,75,38,38,56,56,67,330,55
211,171,Lanturn,"[Water, Electric]",Water,Electric,125,58,58,76,76,67,460,76
212,172,Pichu,"[Electric, None]",Electric,None,20,40,15,35,35,60,205,34
213,173,Cleffa,"[Fairy, None]",Fairy,None,50,25,28,45,55,15,218,36
214,174,Igglybuff,"[Normal, Fairy]",Normal,Fairy,90,30,15,40,20,15,210,35
215,175,Togepi,"[Fairy, None]",Fairy,None,35,20,65,40,65,20,245,40
216,176,Togetic,"[Fairy, Flying]",Fairy,Flying,55,40,85,80,105,40,405,67
217,177,Natu,"[Psychic, Flying]",Psychic,Flying,40,50,45,70,45,70,320,53
218,178,Xatu,"[Psychic, Flying]",Psychic,Flying,65,75,70,95,70,95,470,78
219,179,Mareep,"[Electric, None]",Electric,None,55,40,40,65,45,35,280,46
220,180,Flaaffy,"[Electric, None]",Electric,None,70,55,55,80,60,45,365,60
221,181,Ampharos,"[Electric, None]",Electric,None,90,75,85,115,90,55,510,85
222,181,Ampharos Mega Ampharos,"[Electric, Dragon]",Electric,Dragon,90,95,105,165,110,45,610,101
223,182,Bellossom,"[Grass, None]",Grass,None,75,80,95,90,100,50,490,81
224,183,Marill,"[Water, Fairy]",Water,Fairy,70,20,50,20,50,40,250,41
225,184,Azumarill,"[Water, Fairy]",Water,Fairy,100,50,80,60,80,50,420,70
226,185,Sudowoodo,"[Rock, None]",Rock,None,70,100,115,30,65,30,410,68
227,186,Politoed,"[Water, None]",Water,None,90,75,75,90,100,70,500,83
228,187,Hoppip,"[Grass, Flying]",Grass,Flying,35,35,40,35,55,50,250,41
229,188,Skiploom,"[Grass, Flying]",Grass,Flying,55,45,50,45,65,80,340,56
230,189,Jumpluff,"[Grass, Flying]",Grass,Flying,75,55,70,55,95,110,460,76
231,190,Aipom,"[Normal, None]",Normal,None,55,70,55,40,55,85,360,60
232,191,Sunkern,"[Grass, None]",Grass,None,30,30,30,30,30,30,180,30
233,192,Sunflora,"[Grass, None]",Grass,None,75,75,55,105,85,30,425,70
234,193,Yanma,"[Bug, Flying]",Bug,Flying,65,65,45,75,45,95,390,65
235,194,Wooper,"[Water, Ground]",Water,Ground,55,45,45,25,25,15,210,35
236,195,Quagsire,"[Water, Ground]",Water,Ground,95,85,85,65,65,35,430,71
237,196,Espeon,"[Psychic, None]",Psychic,None,65,65,60,130,95,110,525,87
238,197,Umbreon,"[Dark, None]",Dark,None,95,65,110,60,130,65,525,87
239,198,Murkrow,"[Dark, Flying]",Dark,Flying,60,85,42,85,42,91,405,67
240,199,Slowking,"[Water, Psychic]",Water,Psychic,95,75,80,100,110,30,490,81
241,200,Misdreavus,"[Ghost, None]",Ghost,None,60,60,60,85,85,85,435,72
242,201,Unown,"[Psychic, None]",Psychic,None,48,72,48,72,48,48,336,56
243,202,Wobbuffet,"[Psychic, None]",Psychic,None,190,33,58,33,58,33,405,67
244,203,Girafarig,"[Normal, Psychic]",Normal,Psychic,70,80,65,90,65,85,455,75
245,204,Pineco,"[Bug, None]",Bug,None,50,65,90,35,35,15,290,48
246,205,Forretress,"[Bug, Steel]",Bug,Steel,75,90,140,60,60,40,465,77
247,206,Dunsparce,"[Normal, None]",Normal,None,100,70,70,65,65,45,415,69
248,207,Gligar,"[Ground, Flying]",Ground,Flying,65,75,105,35,65,85,430,71
249,208,Steelix,"[Steel, Ground]",Steel,Ground,75,85,200,55,65,30,510,85
250,208,Steelix Mega Steelix,"[Steel, Ground]",Steel,Ground,75,125,230,55,95,30,610,101
251,209,Snubbull,"[Fairy, None]",Fairy,None,60,80,50,40,40,30,300,50
252,210,Granbull,"[Fairy, None]",Fairy,None,90,120,75,60,60,45,450,75
253,211,Qwilfish,"[Water, Poison]",Water,Poison,65,95,85,55,55,85,440,73
254,212,Scizor,"[Bug, Steel]",Bug,Steel,70,130,100,55,80,65,500,83
255,212,Scizor Mega Scizor,"[Bug, Steel]",Bug,Steel,70,150,140,65,100,75,600,100
256,213,Shuckle,"[Bug, Rock]",Bug,Rock,20,10,230,10,230,5,505,84
257,214,Heracross,"[Bug, Fighting]",Bug,Fighting,80,125,75,40,95,85,500,83
258,214,Heracross Mega Heracross,"[Bug, Fighting]",Bug,Fighting,80,185,115,40,105,75,600,100
259,215,Sneasel,"[Dark, Ice]",Dark,Ice,55,95,55,35,75,115,430,71
260,216,Teddiursa,"[Normal, None]",Normal,None,60,80,50,50,50,40,330,55
261,217,Ursaring,"[Normal, None]",Normal,None,90,130,75,75,75,55,500,83
262,218,Slugma,"[Fire, None]",Fire,None,40,40,40,70,40,20,250,41
263,219,Magcargo,"[Fire, Rock]",Fire,Rock,60,50,120,90,80,30,430,71
264,220,Swinub,"[Ice, Ground]",Ice,Ground,50,50,40,30,30,50,250,41
265,221,Piloswine,"[Ice, Ground]",Ice,Ground,100,100,80,60,60,50,450,75
266,222,Corsola,"[Water, Rock]",Water,Rock,65,55,95,65,95,35,410,68
267,222,Corsola Galarian Corsola,"[Ghost, None]",Ghost,None,60,55,100,65,100,30,410,68
268,223,Remoraid,"[Water, None]",Water,None,35,65,35,65,35,65,300,50
269,224,Octillery,"[Water, None]",Water,None,75,105,75,105,75,45,480,80
270,225,Delibird,"[Ice, Flying]",Ice,Flying,45,55,45,65,45,75,330,55
271,226,Mantine,"[Water, Flying]",Water,Flying,85,40,70,80,140,70,485,80
272,227,Skarmory,"[Steel, Flying]",Steel,Flying,65,80,140,40,70,70,465,77
273,228,Houndour,"[Dark, Fire]",Dark,Fire,45,60,30,80,50,65,330,55
274,229,Houndoom,"[Dark, Fire]",Dark,Fire,75,90,50,110,80,95,500,83
275,229,Houndoom Mega Houndoom,"[Dark, Fire]",Dark,Fire,75,90,90,140,90,115,600,100
276,230,Kingdra,"[Water, Dragon]",Water,Dragon,75,95,95,95,95,85,540,90
277,231,Phanpy,"[Ground, None]",Ground,None,90,60,60,40,40,40,330,55
278,232,Donphan,"[Ground, None]",Ground,None,90,120,120,60,60,50,500,83
279,233,Porygon2,"[Normal, None]",Normal,None,85,80,90,105,95,60,515,85
280,234,Stantler,"[Normal, None]",Normal,None,73,95,62,85,65,85,465,77
281,235,Smeargle,"[Normal, None]",Normal,None,55,20,35,20,45,75,250,41
282,236,Tyrogue,"[Fighting, None]",Fighting,None,35,35,35,35,35,35,210,35
283,237,Hitmontop,"[Fighting, None]",Fighting,None,50,95,95,35,110,70,455,75
284,238,Smoochum,"[Ice, Psychic]",Ice,Psychic,45,30,15,85,65,65,305,50
285,239,Elekid,"[Electric, None]",Electric,None,45,63,37,65,55,95,360,60
286,240,Magby,"[Fire, None]",Fire,None,45,75,37,70,55,83,365,60
287,241,Miltank,"[Normal, None]",Normal,None,95,80,105,40,70,100,490,81
288,242,Blissey,"[Normal, None]",Normal,None,255,10,10,75,135,55,540,90
289,243,Raikou,"[Electric, None]",Electric,None,90,85,75,115,100,115,580,96
290,244,Entei,"[Fire, None]",Fire,None,115,115,85,90,75,100,580,96
291,245,Suicune,"[Water, None]",Water,None,100,75,115,90,115,85,580,96
292,246,Larvitar,"[Rock, Ground]",Rock,Ground,50,64,50,45,50,41,300,50
293,247,Pupitar,"[Rock, Ground]",Rock,Ground,70,84,70,65,70,51,410,68
294,248,Tyranitar,"[Rock, Dark]",Rock,Dark,100,134,110,95,100,61,600,100
295,248,Tyranitar Mega Tyranitar,"[Rock, Dark]",Rock,Dark,100,164,150,95,120,71,700,116
296,249,Lugia,"[Psychic, Flying]",Psychic,Flying,106,90,130,90,154,110,680,113
297,250,Ho-oh,"[Fire, Flying]",Fire,Flying,106,130,90,110,154,90,680,113
298,251,Celebi,"[Psychic, Grass]",Psychic,Grass,100,100,100,100,100,100,600,100
299,252,Treecko,"[Grass, None]",Grass,None,40,45,35,65,55,70,310,51
300,253,Grovyle,"[Grass, None]",Grass,None,50,65,45,85,65,95,405,67
301,254,Sceptile,"[Grass, None]",Grass,None,70,85,65,105,85,120,530,88
302,254,Sceptile Mega Sceptile,"[Grass, Dragon]",Grass,Dragon,70,110,75,145,85,145,630,105
303,255,Torchic,"[Fire, None]",Fire,None,45,60,40,70,50,45,310,51
304,256,Combusken,"[Fire, Fighting]",Fire,Fighting,60,85,60,85,60,55,405,67
305,257,Blaziken,"[Fire, Fighting]",Fire,Fighting,80,120,70,110,70,80,530,88
306,257,Blaziken Mega Blaziken,"[Fire, Fighting]",Fire,Fighting,80,160,80,130,80,100,630,105
307,258,Mudkip,"[Water, None]",Water,None,50,70,50,50,50,40,310,51
308,259,Marshtomp,"[Water, Ground]",Water,Ground,70,85,70,60,70,50,405,67
309,260,Swampert,"[Water, Ground]",Water,Ground,100,110,90,85,90,60,535,89
310,260,Swampert Mega Swampert,"[Water, Ground]",Water,Ground,100,150,110,95,110,70,635,105
311,261,Poochyena,"[Dark, None]",Dark,None,35,55,35,30,30,35,220,36
312,262,Mightyena,"[Dark, None]",Dark,None,70,90,70,60,60,70,420,70
313,263,Zigzagoon,"[Normal, None]",Normal,None,38,30,41,30,41,60,240,40
314,263,Zigzagoon Galarian Zigzagoon,"[Dark, Normal]",Dark,Normal,38,30,41,30,41,60,240,40
315,264,Linoone,"[Normal, None]",Normal,None,78,70,61,50,61,100,420,70
316,264,Linoone Galarian Linoone,"[Dark, Normal]",Dark,Normal,78,70,61,50,61,100,420,70
317,265,Wurmple,"[Bug, None]",Bug,None,45,45,35,20,30,20,195,32
318,266,Silcoon,"[Bug, None]",Bug,None,50,35,55,25,25,15,205,34
319,267,Beautifly,"[Bug, Flying]",Bug,Flying,60,70,50,100,50,65,395,65
320,268,Cascoon,"[Bug, None]",Bug,None,50,35,55,25,25,15,205,34
321,269,Dustox,"[Bug, Poison]",Bug,Poison,60,50,70,50,90,65,385,64
322,270,Lotad,"[Water, Grass]",Water,Grass,40,30,30,40,50,30,220,36
323,271,Lombre,"[Water, Grass]",Water,Grass,60,50,50,60,70,50,340,56
324,272,Ludicolo,"[Water, Grass]",Water,Grass,80,70,70,90,100,70,480,80
325,273,Seedot,"[Grass, None]",Grass,None,40,40,50,30,30,30,220,36
326,274,Nuzleaf,"[Grass, Dark]",Grass,Dark,70,70,40,60,40,60,340,56
327,275,Shiftry,"[Grass, Dark]",Grass,Dark,90,100,60,90,60,80,480,80
328,276,Taillow,"[Normal, Flying]",Normal,Flying,40,55,30,30,30,85,270,45
329,277,Swellow,"[Normal, Flying]",Normal,Flying,60,85,60,75,50,125,455,75
330,278,Wingull,"[Water, Flying]",Water,Flying,40,30,30,55,30,85,270,45
331,279,Pelipper,"[Water, Flying]",Water,Flying,60,50,100,95,70,65,440,73
332,280,Ralts,"[Psychic, Fairy]",Psychic,Fairy,28,25,25,45,35,40,198,33
333,281,Kirlia,"[Psychic, Fairy]",Psychic,Fairy,38,35,35,65,55,50,278,46
334,282,Gardevoir,"[Psychic, Fairy]",Psychic,Fairy,68,65,65,125,115,80,518,86
335,282,Gardevoir Mega Gardevoir,"[Psychic, Fairy]",Psychic,Fairy,68,85,65,165,135,100,618,103
336,283,Surskit,"[Bug, Water]",Bug,Water,40,30,32,50,52,65,269,44
337,284,Masquerain,"[Bug, Flying]",Bug,Flying,70,60,62,100,82,80,454,75
338,285,Shroomish,"[Grass, None]",Grass,None,60,40,60,40,60,35,295,49
339,286,Breloom,"[Grass, Fighting]",Grass,Fighting,60,130,80,60,60,70,460,76
340,287,Slakoth,"[Normal, None]",Normal,None,60,60,60,35,35,30,280,46
341,288,Vigoroth,"[Normal, None]",Normal,None,80,80,80,55,55,90,440,73
342,289,Slaking,"[Normal, None]",Normal,None,150,160,100,95,65,100,670,111
343,290,Nincada,"[Bug, Ground]",Bug,Ground,31,45,90,30,30,40,266,44
344,291,Ninjask,"[Bug, Flying]",Bug,Flying,61,90,45,50,50,160,456,76
345,292,Shedinja,"[Bug, Ghost]",Bug,Ghost,1,90,45,30,30,40,236,39
346,293,Whismur,"[Normal, None]",Normal,None,64,51,23,51,23,28,240,40
347,294,Loudred,"[Normal, None]",Normal,None,84,71,43,71,43,48,360,60
348,295,Exploud,"[Normal, None]",Normal,None,104,91,63,91,73,68,490,81
349,296,Makuhita,"[Fighting, None]",Fighting,None,72,60,30,20,30,25,237,39
350,297,Hariyama,"[Fighting, None]",Fighting,None,144,120,60,40,60,50,474,79
351,298,Azurill,"[Normal, Fairy]",Normal,Fairy,50,20,40,20,40,20,190,31
352,299,Nosepass,"[Rock, None]",Rock,None,30,45,135,45,90,30,375,62
353,300,Skitty,"[Normal, None]",Normal,None,50,45,45,35,35,50,260,43
354,301,Delcatty,"[Normal, None]",Normal,None,70,65,65,55,55,90,400,66
355,302,Sableye,"[Dark, Ghost]",Dark,Ghost,50,75,75,65,65,50,380,63
356,302,Sableye Mega Sableye,"[Dark, Ghost]",Dark,Ghost,50,85,125,85,115,20,480,80
357,303,Mawile,"[Steel, Fairy]",Steel,Fairy,50,85,85,55,55,50,380,63
358,303,Mawile Mega Mawile,"[Steel, Fairy]",Steel,Fairy,50,105,125,55,95,50,480,80
359,304,Aron,"[Steel, Rock]",Steel,Rock,50,70,100,40,40,30,330,55
360,305,Lairon,"[Steel, Rock]",Steel,Rock,60,90,140,50,50,40,430,71
361,306,Aggron,"[Steel, Rock]",Steel,Rock,70,110,180,60,60,50,530,88
362,306,Aggron Mega Aggron,"[Steel, None]",Steel,None,70,140,230,60,80,50,630,105
363,307,Meditite,"[Fighting, Psychic]",Fighting,Psychic,30,40,55,40,55,60,280,46
364,308,Medicham,"[Fighting, Psychic]",Fighting,Psychic,60,60,75,60,75,80,410,68
365,308,Medicham Mega Medicham,"[Fighting, Psychic]",Fighting,Psychic,60,100,85,80,85,100,510,85
366,309,Electrike,"[Electric, None]",Electric,None,40,45,40,65,40,65,295,49
367,310,Manectric,"[Electric, None]",Electric,None,70,75,60,105,60,105,475,79
368,310,Manectric Mega Manectric,"[Electric, None]",Electric,None,70,75,80,135,80,135,575,95
369,311,Plusle,"[Electric, None]",Electric,None,60,50,40,85,75,95,405,67
370,312,Minun,"[Electric, None]",Electric,None,60,40,50,75,85,95,405,67
371,313,Volbeat,"[Bug, None]",Bug,None,65,73,75,47,85,85,430,71
372,314,Illumise,"[Bug, None]",Bug,None,65,47,75,73,85,85,430,71
373,315,Roselia,"[Grass, Poison]",Grass,Poison,50,60,45,100,80,65,400,66
374,316,Gulpin,"[Poison, None]",Poison,None,70,43,53,43,53,40,302,50
375,317,Swalot,"[Poison, None]",Poison,None,100,73,83,73,83,55,467,77
376,318,Carvanha,"[Water, Dark]",Water,Dark,45,90,20,65,20,65,305,50
377,319,Sharpedo,"[Water, Dark]",Water,Dark,70,120,40,95,40,95,460,76
378,319,Sharpedo Mega Sharpedo,"[Water, Dark]",Water,Dark,70,140,70,110,65,105,560,93
379,320,Wailmer,"[Water, None]",Water,None,130,70,35,70,35,60,400,66
380,321,Wailord,"[Water, None]",Water,None,170,90,45,90,45,60,500,83
381,322,Numel,"[Fire, Ground]",Fire,Ground,60,60,40,65,45,35,305,50
382,323,Camerupt,"[Fire, Ground]",Fire,Ground,70,100,70,105,75,40,460,76
383,323,Camerupt Mega Camerupt,"[Fire, Ground]",Fire,Ground,70,120,100,145,105,20,560,93
384,324,Torkoal,"[Fire, None]",Fire,None,70,85,140,85,70,20,470,78
385,325,Spoink,"[Psychic, None]",Psychic,None,60,25,35,70,80,60,330,55
386,326,Grumpig,"[Psychic, None]",Psychic,None,80,45,65,90,110,80,470,78
387,327,Spinda,"[Normal, None]",Normal,None,60,60,60,60,60,60,360,60
388,328,Trapinch,"[Ground, None]",Ground,None,45,100,45,45,45,10,290,48
389,329,Vibrava,"[Ground, Dragon]",Ground,Dragon,50,70,50,50,50,70,340,56
390,330,Flygon,"[Ground, Dragon]",Ground,Dragon,80,100,80,80,80,100,520,86
391,331,Cacnea,"[Grass, None]",Grass,None,50,85,40,85,40,35,335,55
392,332,Cacturne,"[Grass, Dark]",Grass,Dark,70,115,60,115,60,55,475,79
393,333,Swablu,"[Normal, Flying]",Normal,Flying,45,40,60,40,75,50,310,51
394,334,Altaria,"[Dragon, Flying]",Dragon,Flying,75,70,90,70,105,80,490,81
395,334,Altaria Mega Altaria,"[Dragon, Fairy]",Dragon,Fairy,75,110,110,110,105,80,590,98
396,335,Zangoose,"[Normal, None]",Normal,None,73,115,60,60,60,90,458,76
397,336,Seviper,"[Poison, None]",Poison,None,73,100,60,100,60,65,458,76
398,337,Lunatone,"[Rock, Psychic]",Rock,Psychic,90,55,65,95,85,70,460,76
399,338,Solrock,"[Rock, Psychic]",Rock,Psychic,90,95,85,55,65,70,460,76
400,339,Barboach,"[Water, Ground]",Water,Ground,50,48,43,46,41,60,288,48
401,340,Whiscash,"[Water, Ground]",Water,Ground,110,78,73,76,71,60,468,78
402,341,Corphish,"[Water, None]",Water,None,43,80,65,50,35,35,308,51
403,342,Crawdaunt,"[Water, Dark]",Water,Dark,63,120,85,90,55,55,468,78
404,343,Baltoy,"[Ground, Psychic]",Ground,Psychic,40,40,55,40,70,55,300,50
405,344,Claydol,"[Ground, Psychic]",Ground,Psychic,60,70,105,70,120,75,500,83
406,345,Lileep,"[Rock, Grass]",Rock,Grass,66,41,77,61,87,23,355,59
407,346,Cradily,"[Rock, Grass]",Rock,Grass,86,81,97,81,107,43,495,82
408,347,Anorith,"[Rock, Bug]",Rock,Bug,45,95,50,40,50,75,355,59
409,348,Armaldo,"[Rock, Bug]",Rock,Bug,75,125,100,70,80,45,495,82
410,349,Feebas,"[Water, None]",Water,None,20,15,20,10,55,80,200,33
411,350,Milotic,"[Water, None]",Water,None,95,60,79,100,125,81,540,90
412,351,Castform,"[Normal, None]",Normal,None,70,70,70,70,70,70,420,70
413,351,Castform Sunny Form,"[Fire, None]",Fire,None,70,70,70,70,70,70,420,70
414,351,Castform Rainy Form,"[Water, None]",Water,None,70,70,70,70,70,70,420,70
415,351,Castform Snowy Form,"[Ice, None]",Ice,None,70,70,70,70,70,70,420,70
416,352,Kecleon,"[Normal, None]",Normal,None,60,90,70,60,120,40,440,73
417,353,Shuppet,"[Ghost, None]",Ghost,None,44,75,35,63,33,45,295,49
418,354,Banette,"[Ghost, None]",Ghost,None,64,115,65,83,63,65,455,75
419,354,Banette Mega Banette,"[Ghost, None]",Ghost,None,64,165,75,93,83,75,555,92
420,355,Duskull,"[Ghost, None]",Ghost,None,20,40,90,30,90,25,295,49
421,356,Dusclops,"[Ghost, None]",Ghost,None,40,70,130,60,130,25,455,75
422,357,Tropius,"[Grass, Flying]",Grass,Flying,99,68,83,72,87,51,460,76
423,358,Chimecho,"[Psychic, None]",Psychic,None,75,50,80,95,90,65,455,75
424,359,Absol,"[Dark, None]",Dark,None,65,130,60,75,60,75,465,77
425,359,Absol Mega Absol,"[Dark, None]",Dark,None,65,150,60,115,60,115,565,94
426,360,Wynaut,"[Psychic, None]",Psychic,None,95,23,48,23,48,23,260,43
427,361,Snorunt,"[Ice, None]",Ice,None,50,50,50,50,50,50,300,50
428,362,Glalie,"[Ice, None]",Ice,None,80,80,80,80,80,80,480,80
429,362,Glalie Mega Glalie,"[Ice, None]",Ice,None,80,120,80,120,80,100,580,96
430,363,Spheal,"[Ice, Water]",Ice,Water,70,40,50,55,50,25,290,48
431,364,Sealeo,"[Ice, Water]",Ice,Water,90,60,70,75,70,45,410,68
432,365,Walrein,"[Ice, Water]",Ice,Water,110,80,90,95,90,65,530,88
433,366,Clamperl,"[Water, None]",Water,None,35,64,85,74,55,32,345,57
434,367,Huntail,"[Water, None]",Water,None,55,104,105,94,75,52,485,80
435,368,Gorebyss,"[Water, None]",Water,None,55,84,105,114,75,52,485,80
436,369,Relicanth,"[Water, Rock]",Water,Rock,100,90,130,45,65,55,485,80
437,370,Luvdisc,"[Water, None]",Water,None,43,30,55,40,65,97,330,55
438,371,Bagon,"[Dragon, None]",Dragon,None,45,75,60,40,30,50,300,50
439,372,Shelgon,"[Dragon, None]",Dragon,None,65,95,100,60,50,50,420,70
440,373,Salamence,"[Dragon, Flying]",Dragon,Flying,95,135,80,110,80,100,600,100
441,373,Salamence Mega Salamence,"[Dragon, Flying]",Dragon,Flying,95,145,130,120,90,120,700,116
442,374,Beldum,"[Steel, Psychic]",Steel,Psychic,40,55,80,35,60,30,300,50
443,375,Metang,"[Steel, Psychic]",Steel,Psychic,60,75,100,55,80,50,420,70
444,376,Metagross,"[Steel, Psychic]",Steel,Psychic,80,135,130,95,90,70,600,100
445,376,Metagross Mega Metagross,"[Steel, Psychic]",Steel,Psychic,80,145,150,105,110,110,700,116
446,377,Regirock,"[Rock, None]",Rock,None,80,100,200,50,100,50,580,96
447,378,Regice,"[Ice, None]",Ice,None,80,50,100,100,200,50,580,96
448,379,Registeel,"[Steel, None]",Steel,None,80,75,150,75,150,50,580,96
449,380,Latias,"[Dragon, Psychic]",Dragon,Psychic,80,80,90,110,130,110,600,100
450,380,Latias Mega Latias,"[Dragon, Psychic]",Dragon,Psychic,80,100,120,140,150,110,700,116
451,381,Latios,"[Dragon, Psychic]",Dragon,Psychic,80,90,80,130,110,110,600,100
452,381,Latios Mega Latios,"[Dragon, Psychic]",Dragon,Psychic,80,130,100,160,120,110,700,116
453,382,Kyogre,"[Water, None]",Water,None,100,100,90,150,140,90,670,111
454,382,Kyogre Primal Kyogre,"[Water, None]",Water,None,100,150,90,180,160,90,770,128
455,383,Groudon,"[Ground, None]",Ground,None,100,150,140,100,90,90,670,111
456,383,Groudon Primal Groudon,"[Ground, Fire]",Ground,Fire,100,180,160,150,90,90,770,128
457,384,Rayquaza,"[Dragon, Flying]",Dragon,Flying,105,150,90,150,90,95,680,113
458,384,Rayquaza Mega Rayquaza,"[Dragon, Flying]",Dragon,Flying,105,180,100,180,100,115,780,130
459,385,Jirachi,"[Steel, Psychic]",Steel,Psychic,100,100,100,100,100,100,600,100
460,386,Deoxys Normal Forme,"[Psychic, None]",Psychic,None,50,150,50,150,50,150,600,100
461,386,Deoxys Attack Forme,"[Psychic, None]",Psychic,None,50,180,20,180,20,150,600,100
462,386,Deoxys Defense Forme,"[Psychic, None]",Psychic,None,50,70,160,70,160,90,600,100
463,386,Deoxys Speed Forme,"[Psychic, None]",Psychic,None,50,95,90,95,90,180,600,100
464,387,Turtwig,"[Grass, None]",Grass,None,55,68,64,45,55,31,318,53
465,388,Grotle,"[Grass, None]",Grass,None,75,89,85,55,65,36,405,67
466,389,Torterra,"[Grass, Ground]",Grass,Ground,95,109,105,75,85,56,525,87
467,390,Chimchar,"[Fire, None]",Fire,None,44,58,44,58,44,61,309,51
468,391,Monferno,"[Fire, Fighting]",Fire,Fighting,64,78,52,78,52,81,405,67
469,392,Infernape,"[Fire, Fighting]",Fire,Fighting,76,104,71,104,71,108,534,89
470,393,Piplup,"[Water, None]",Water,None,53,51,53,61,56,40,314,52
471,394,Prinplup,"[Water, None]",Water,None,64,66,68,81,76,50,405,67
472,395,Empoleon,"[Water, Steel]",Water,Steel,84,86,88,111,101,60,530,88
473,396,Starly,"[Normal, Flying]",Normal,Flying,40,55,30,30,30,60,245,40
474,397,Staravia,"[Normal, Flying]",Normal,Flying,55,75,50,40,40,80,340,56
475,398,Staraptor,"[Normal, Flying]",Normal,Flying,85,120,70,50,60,100,485,80
476,399,Bidoof,"[Normal, None]",Normal,None,59,45,40,35,40,31,250,41
477,400,Bibarel,"[Normal, Water]",Normal,Water,79,85,60,55,60,71,410,68
478,401,Kricketot,"[Bug, None]",Bug,None,37,25,41,25,41,25,194,32
479,402,Kricketune,"[Bug, None]",Bug,None,77,85,51,55,51,65,384,64
480,403,Shinx,"[Electric, None]",Electric,None,45,65,34,40,34,45,263,43
481,404,Luxio,"[Electric, None]",Electric,None,60,85,49,60,49,60,363,60
482,405,Luxray,"[Electric, None]",Electric,None,80,120,79,95,79,70,523,87
483,406,Budew,"[Grass, Poison]",Grass,Poison,40,30,35,50,70,55,280,46
484,407,Roserade,"[Grass, Poison]",Grass,Poison,60,70,65,125,105,90,515,85
485,408,Cranidos,"[Rock, None]",Rock,None,67,125,40,30,30,58,350,58
486,409,Rampardos,"[Rock, None]",Rock,None,97,165,60,65,50,58,495,82
487,410,Shieldon,"[Rock, Steel]",Rock,Steel,30,42,118,42,88,30,350,58
488,411,Bastiodon,"[Rock, Steel]",Rock,Steel,60,52,168,47,138,30,495,82
489,412,Burmy,"[Bug, None]",Bug,None,40,29,45,29,45,36,224,37
490,413,Wormadam Plant Cloak,"[Bug, Grass]",Bug,Grass,60,59,85,79,105,36,424,70
491,413,Wormadam Sandy Cloak,"[Bug, Ground]",Bug,Ground,60,79,105,59,85,36,424,70
492,413,Wormadam Trash Cloak,"[Bug, Steel]",Bug,Steel,60,69,95,69,95,36,424,70
493,414,Mothim,"[Bug, Flying]",Bug,Flying,70,94,50,94,50,66,424,70
494,415,Combee,"[Bug, Flying]",Bug,Flying,30,30,42,30,42,70,244,40
495,416,Vespiquen,"[Bug, Flying]",Bug,Flying,70,80,102,80,102,40,474,79
496,417,Pachirisu,"[Electric, None]",Electric,None,60,45,70,45,90,95,405,67
497,418,Buizel,"[Water, None]",Water,None,55,65,35,60,30,85,330,55
498,419,Floatzel,"[Water, None]",Water,None,85,105,55,85,50,115,495,82
499,420,Cherubi,"[Grass, None]",Grass,None,45,35,45,62,53,35,275,45
500,421,Cherrim,"[Grass, None]",Grass,None,70,60,70,87,78,85,450,75
501,422,Shellos,"[Water, None]",Water,None,76,48,48,57,62,34,325,54
502,423,Gastrodon,"[Water, Ground]",Water,Ground,111,83,68,92,82,39,475,79
503,424,Ambipom,"[Normal, None]",Normal,None,75,100,66,60,66,115,482,80
504,425,Drifloon,"[Ghost, Flying]",Ghost,Flying,90,50,34,60,44,70,348,58
505,426,Drifblim,"[Ghost, Flying]",Ghost,Flying,150,80,44,90,54,80,498,83
506,427,Buneary,"[Normal, None]",Normal,None,55,66,44,44,56,85,350,58
507,428,Lopunny,"[Normal, None]",Normal,None,65,76,84,54,96,105,480,80
508,428,Lopunny Mega Lopunny,"[Normal, Fighting]",Normal,Fighting,65,136,94,54,96,135,580,96
509,429,Mismagius,"[Ghost, None]",Ghost,None,60,60,60,105,105,105,495,82
510,430,Honchkrow,"[Dark, Flying]",Dark,Flying,100,125,52,105,52,71,505,84
511,431,Glameow,"[Normal, None]",Normal,None,49,55,42,42,37,85,310,51
512,432,Purugly,"[Normal, None]",Normal,None,71,82,64,64,59,112,452,75
513,433,Chingling,"[Psychic, None]",Psychic,None,45,30,50,65,50,45,285,47
514,434,Stunky,"[Poison, Dark]",Poison,Dark,63,63,47,41,41,74,329,54
515,435,Skuntank,"[Poison, Dark]",Poison,Dark,103,93,67,71,61,84,479,79
516,436,Bronzor,"[Steel, Psychic]",Steel,Psychic,57,24,86,24,86,23,300,50
517,437,Bronzong,"[Steel, Psychic]",Steel,Psychic,67,89,116,79,116,33,500,83
518,438,Bonsly,"[Rock, None]",Rock,None,50,80,95,10,45,10,290,48
519,439,Mime Jr.,"[Psychic, Fairy]",Psychic,Fairy,20,25,45,70,90,60,310,51
520,440,Happiny,"[Normal, None]",Normal,None,100,5,5,15,65,30,220,36
521,441,Chatot,"[Normal, Flying]",Normal,Flying,76,65,45,92,42,91,411,68
522,442,Spiritomb,"[Ghost, Dark]",Ghost,Dark,50,92,108,92,108,35,485,80
523,443,Gible,"[Dragon, Ground]",Dragon,Ground,58,70,45,40,45,42,300,50
524,444,Gabite,"[Dragon, Ground]",Dragon,Ground,68,90,65,50,55,82,410,68
525,445,Garchomp,"[Dragon, Ground]",Dragon,Ground,108,130,95,80,85,102,600,100
526,445,Garchomp Mega Garchomp,"[Dragon, Ground]",Dragon,Ground,108,170,115,120,95,92,700,116
527,446,Munchlax,"[Normal, None]",Normal,None,135,85,40,40,85,5,390,65
528,447,Riolu,"[Fighting, None]",Fighting,None,40,70,40,35,40,60,285,47
529,448,Lucario,"[Fighting, Steel]",Fighting,Steel,70,110,70,115,70,90,525,87
530,448,Lucario Mega Lucario,"[Fighting, Steel]",Fighting,Steel,70,145,88,140,70,112,625,104
531,449,Hippopotas,"[Ground, None]",Ground,None,68,72,78,38,42,32,330,55
532,450,Hippowdon,"[Ground, None]",Ground,None,108,112,118,68,72,47,525,87
533,451,Skorupi,"[Poison, Bug]",Poison,Bug,40,50,90,30,55,65,330,55
534,452,Drapion,"[Poison, Dark]",Poison,Dark,70,90,110,60,75,95,500,83
535,453,Croagunk,"[Poison, Fighting]",Poison,Fighting,48,61,40,61,40,50,300,50
536,454,Toxicroak,"[Poison, Fighting]",Poison,Fighting,83,106,65,86,65,85,490,81
537,455,Carnivine,"[Grass, None]",Grass,None,74,100,72,90,72,46,454,75
538,456,Finneon,"[Water, None]",Water,None,49,49,56,49,61,66,330,55
539,457,Lumineon,"[Water, None]",Water,None,69,69,76,69,86,91,460,76
540,458,Mantyke,"[Water, Flying]",Water,Flying,45,20,50,60,120,50,345,57
541,459,Snover,"[Grass, Ice]",Grass,Ice,60,62,50,62,60,40,334,55
542,460,Abomasnow,"[Grass, Ice]",Grass,Ice,90,92,75,92,85,60,494,82
543,460,Abomasnow Mega Abomasnow,"[Grass, Ice]",Grass,Ice,90,132,105,132,105,30,594,99
544,461,Weavile,"[Dark, Ice]",Dark,Ice,70,120,65,45,85,125,510,85
545,462,Magnezone,"[Electric, Steel]",Electric,Steel,70,70,115,130,90,60,535,89
546,463,Lickilicky,"[Normal, None]",Normal,None,110,85,95,80,95,50,515,85
547,464,Rhyperior,"[Ground, Rock]",Ground,Rock,115,140,130,55,55,40,535,89
548,465,Tangrowth,"[Grass, None]",Grass,None,100,100,125,110,50,50,535,89
549,466,Electivire,"[Electric, None]",Electric,None,75,123,67,95,85,95,540,90
550,467,Magmortar,"[Fire, None]",Fire,None,75,95,67,125,95,83,540,90
551,468,Togekiss,"[Fairy, Flying]",Fairy,Flying,85,50,95,120,115,80,545,90
552,469,Yanmega,"[Bug, Flying]",Bug,Flying,86,76,86,116,56,95,515,85
553,470,Leafeon,"[Grass, None]",Grass,None,65,110,130,60,65,95,525,87
554,471,Glaceon,"[Ice, None]",Ice,None,65,60,110,130,95,65,525,87
555,472,Gliscor,"[Ground, Flying]",Ground,Flying,75,95,125,45,75,95,510,85
556,473,Mamoswine,"[Ice, Ground]",Ice,Ground,110,130,80,70,60,80,530,88
557,474,Porygon-Z,"[Normal, None]",Normal,None,85,80,70,135,75,90,535,89
558,475,Gallade,"[Psychic, Fighting]",Psychic,Fighting,68,125,65,65,115,80,518,86
559,475,Gallade Mega Gallade,"[Psychic, Fighting]",Psychic,Fighting,68,165,95,65,115,110,618,103
560,476,Probopass,"[Rock, Steel]",Rock,Steel,60,55,145,75,150,40,525,87
561,477,Dusknoir,"[Ghost, None]",Ghost,None,45,100,135,65,135,45,525,87
562,478,Froslass,"[Ice, Ghost]",Ice,Ghost,70,80,70,80,70,110,480,80
563,479,Rotom,"[Electric, Ghost]",Electric,Ghost,50,50,77,95,77,91,440,73
564,479,Rotom Heat Rotom,"[Electric, Fire]",Electric,Fire,50,65,107,105,107,86,520,86
565,479,Rotom Wash Rotom,"[Electric, Water]",Electric,Water,50,65,107,105,107,86,520,86
566,479,Rotom Frost Rotom,"[Electric, Ice]",Electric,Ice,50,65,107,105,107,86,520,86
567,479,Rotom Fan Rotom,"[Electric, Flying]",Electric,Flying,50,65,107,105,107,86,520,86
568,479,Rotom Mow Rotom,"[Electric, Grass]",Electric,Grass,50,65,107,105,107,86,520,86
569,480,Uxie,"[Psychic, None]",Psychic,None,75,75,130,75,130,95,580,96
570,481,Mesprit,"[Psychic, None]",Psychic,None,80,105,105,105,105,80,580,96
571,482,Azelf,"[Psychic, None]",Psychic,None,75,125,70,125,70,115,580,96
572,483,Dialga,"[Steel, Dragon]",Steel,Dragon,100,120,120,150,100,90,680,113
573,484,Palkia,"[Water, Dragon]",Water,Dragon,90,120,100,150,120,100,680,113
574,485,Heatran,"[Fire, Steel]",Fire,Steel,91,90,106,130,106,77,600,100
575,486,Regigigas,"[Normal, None]",Normal,None,110,160,110,80,110,100,670,111
576,487,Giratina Altered Forme,"[Ghost, Dragon]",Ghost,Dragon,150,100,120,100,120,90,680,113
577,487,Giratina Origin Forme,"[Ghost, Dragon]",Ghost,Dragon,150,120,100,120,100,90,680,113
578,488,Cresselia,"[Psychic, None]",Psychic,None,120,70,120,75,130,85,600,100
579,489,Phione,"[Water, None]",Water,None,80,80,80,80,80,80,480,80
580,490,Manaphy,"[Water, None]",Water,None,100,100,100,100,100,100,600,100
581,491,Darkrai,"[Dark, None]",Dark,None,70,90,90,135,90,125,600,100
582,492,Shaymin Land Forme,"[Grass, None]",Grass,None,100,100,100,100,100,100,600,100
583,492,Shaymin Sky Forme,"[Grass, Flying]",Grass,Flying,100,103,75,120,75,127,600,100
584,493,Arceus,"[Normal, None]",Normal,None,120,120,120,120,120,120,720,120
585,494,Victini,"[Psychic, Fire]",Psychic,Fire,100,100,100,100,100,100,600,100
586,495,Snivy,"[Grass, None]",Grass,None,45,45,55,45,55,63,308,51
587,496,Servine,"[Grass, None]",Grass,None,60,60,75,60,75,83,413,68
588,497,Serperior,"[Grass, None]",Grass,None,75,75,95,75,95,113,528,88
589,498,Tepig,"[Fire, None]",Fire,None,65,63,45,45,45,45,308,51
590,499,Pignite,"[Fire, Fighting]",Fire,Fighting,90,93,55,70,55,55,418,69
591,500,Emboar,"[Fire, Fighting]",Fire,Fighting,110,123,65,100,65,65,528,88
592,501,Oshawott,"[Water, None]",Water,None,55,55,45,63,45,45,308,51
593,502,Dewott,"[Water, None]",Water,None,75,75,60,83,60,60,413,68
594,503,Samurott,"[Water, None]",Water,None,95,100,85,108,70,70,528,88
595,504,Patrat,"[Normal, None]",Normal,None,45,55,39,35,39,42,255,42
596,505,Watchog,"[Normal, None]",Normal,None,60,85,69,60,69,77,420,70
597,506,Lillipup,"[Normal, None]",Normal,None,45,60,45,25,45,55,275,45
598,507,Herdier,"[Normal, None]",Normal,None,65,80,65,35,65,60,370,61
599,508,Stoutland,"[Normal, None]",Normal,None,85,110,90,45,90,80,500,83
600,509,Purrloin,"[Dark, None]",Dark,None,41,50,37,50,37,66,281,46
601,510,Liepard,"[Dark, None]",Dark,None,64,88,50,88,50,106,446,74
602,511,Pansage,"[Grass, None]",Grass,None,50,53,48,53,48,64,316,52
603,512,Simisage,"[Grass, None]",Grass,None,75,98,63,98,63,101,498,83
604,513,Pansear,"[Fire, None]",Fire,None,50,53,48,53,48,64,316,52
605,514,Simisear,"[Fire, None]",Fire,None,75,98,63,98,63,101,498,83
606,515,Panpour,"[Water, None]",Water,None,50,53,48,53,48,64,316,52
607,516,Simipour,"[Water, None]",Water,None,75,98,63,98,63,101,498,83
608,517,Munna,"[Psychic, None]",Psychic,None,76,25,45,67,55,24,292,48
609,518,Musharna,"[Psychic, None]",Psychic,None,116,55,85,107,95,29,487,81
610,519,Pidove,"[Normal, Flying]",Normal,Flying,50,55,50,36,30,43,264,44
611,520,Tranquill,"[Normal, Flying]",Normal,Flying,62,77,62,50,42,65,358,59
612,521,Unfezant,"[Normal, Flying]",Normal,Flying,80,115,80,65,55,93,488,81
613,522,Blitzle,"[Electric, None]",Electric,None,45,60,32,50,32,76,295,49
614,523,Zebstrika,"[Electric, None]",Electric,None,75,100,63,80,63,116,497,82
615,524,Roggenrola,"[Rock, None]",Rock,None,55,75,85,25,25,15,280,46
616,525,Boldore,"[Rock, None]",Rock,None,70,105,105,50,40,20,390,65
617,526,Gigalith,"[Rock, None]",Rock,None,85,135,130,60,80,25,515,85
618,527,Woobat,"[Psychic, Flying]",Psychic,Flying,65,45,43,55,43,72,323,53
619,528,Swoobat,"[Psychic, Flying]",Psychic,Flying,67,57,55,77,55,114,425,70
620,529,Drilbur,"[Ground, None]",Ground,None,60,85,40,30,45,68,328,54
621,530,Excadrill,"[Ground, Steel]",Ground,Steel,110,135,60,50,65,88,508,84
622,531,Audino,"[Normal, None]",Normal,None,103,60,86,60,86,50,445,74
623,531,Audino Mega Audino,"[Normal, Fairy]",Normal,Fairy,103,60,126,80,126,50,545,90
624,532,Timburr,"[Fighting, None]",Fighting,None,75,80,55,25,35,35,305,50
625,533,Gurdurr,"[Fighting, None]",Fighting,None,85,105,85,40,50,40,405,67
626,534,Conkeldurr,"[Fighting, None]",Fighting,None,105,140,95,55,65,45,505,84
627,535,Tympole,"[Water, None]",Water,None,50,50,40,50,40,64,294,49
628,536,Palpitoad,"[Water, Ground]",Water,Ground,75,65,55,65,55,69,384,64
629,537,Seismitoad,"[Water, Ground]",Water,Ground,105,95,75,85,75,74,509,84
630,538,Throh,"[Fighting, None]",Fighting,None,120,100,85,30,85,45,465,77
631,539,Sawk,"[Fighting, None]",Fighting,None,75,125,75,30,75,85,465,77
632,540,Sewaddle,"[Bug, Grass]",Bug,Grass,45,53,70,40,60,42,310,51
633,541,Swadloon,"[Bug, Grass]",Bug,Grass,55,63,90,50,80,42,380,63
634,542,Leavanny,"[Bug, Grass]",Bug,Grass,75,103,80,70,80,92,500,83
635,543,Venipede,"[Bug, Poison]",Bug,Poison,30,45,59,30,39,57,260,43
636,544,Whirlipede,"[Bug, Poison]",Bug,Poison,40,55,99,40,79,47,360,60
637,545,Scolipede,"[Bug, Poison]",Bug,Poison,60,100,89,55,69,112,485,80
638,546,Cottonee,"[Grass, Fairy]",Grass,Fairy,40,27,60,37,50,66,280,46
639,547,Whimsicott,"[Grass, Fairy]",Grass,Fairy,60,67,85,77,75,116,480,80
640,548,Petilil,"[Grass, None]",Grass,None,45,35,50,70,50,30,280,46
641,549,Lilligant,"[Grass, None]",Grass,None,70,60,75,110,75,90,480,80
642,550,Basculin Red-Striped Form,"[Water, None]",Water,None,70,92,65,80,55,98,460,76
643,550,Basculin Blue-Striped Form,"[Water, None]",Water,None,70,92,65,80,55,98,460,76
644,551,Sandile,"[Ground, Dark]",Ground,Dark,50,72,35,35,35,65,292,48
645,552,Krokorok,"[Ground, Dark]",Ground,Dark,60,82,45,45,45,74,351,58
646,553,Krookodile,"[Ground, Dark]",Ground,Dark,95,117,80,65,70,92,519,86
647,554,Darumaka,"[Fire, None]",Fire,None,70,90,45,15,45,50,315,52
648,554,Darumaka Galarian Darumaka,"[Ice, None]",Ice,None,70,90,45,15,45,50,315,52
649,555,Darmanitan Standard Mode,"[Fire, None]",Fire,None,105,140,55,30,55,95,480,80
650,555,Darmanitan Zen Mode,"[Fire, Psychic]",Fire,Psychic,105,30,105,140,105,55,540,90
651,555,Darmanitan Galarian Standard Mode,"[Ice, None]",Ice,None,105,140,55,30,55,95,480,80
652,555,Darmanitan Galarian Zen Mode,"[Ice, Fire]",Ice,Fire,105,160,55,30,55,135,540,90
653,556,Maractus,"[Grass, None]",Grass,None,75,86,67,106,67,60,461,76
654,557,Dwebble,"[Bug, Rock]",Bug,Rock,50,65,85,35,35,55,325,54
655,558,Crustle,"[Bug, Rock]",Bug,Rock,70,105,125,65,75,45,485,80
656,559,Scraggy,"[Dark, Fighting]",Dark,Fighting,50,75,70,35,70,48,348,58
657,560,Scrafty,"[Dark, Fighting]",Dark,Fighting,65,90,115,45,115,58,488,81
658,561,Sigilyph,"[Psychic, Flying]",Psychic,Flying,72,58,80,103,80,97,490,81
659,562,Yamask,"[Ghost, None]",Ghost,None,38,30,85,55,65,30,303,50
660,562,Yamask Galarian Yamask,"[Ground, Ghost]",Ground,Ghost,38,55,85,30,65,30,303,50
661,563,Cofagrigus,"[Ghost, None]",Ghost,None,58,50,145,95,105,30,483,80
662,564,Tirtouga,"[Water, Rock]",Water,Rock,54,78,103,53,45,22,355,59
663,565,Carracosta,"[Water, Rock]",Water,Rock,74,108,133,83,65,32,495,82
664,566,Archen,"[Rock, Flying]",Rock,Flying,55,112,45,74,45,70,401,66
665,567,Archeops,"[Rock, Flying]",Rock,Flying,75,140,65,112,65,110,567,94
666,568,Trubbish,"[Poison, None]",Poison,None,50,50,62,40,62,65,329,54
667,569,Garbodor,"[Poison, None]",Poison,None,80,95,82,60,82,75,474,79
668,570,Zorua,"[Dark, None]",Dark,None,40,65,40,80,40,65,330,55
669,571,Zoroark,"[Dark, None]",Dark,None,60,105,60,120,60,105,510,85
670,572,Minccino,"[Normal, None]",Normal,None,55,50,40,40,40,75,300,50
671,573,Cinccino,"[Normal, None]",Normal,None,75,95,60,65,60,115,470,78
672,574,Gothita,"[Psychic, None]",Psychic,None,45,30,50,55,65,45,290,48
673,575,Gothorita,"[Psychic, None]",Psychic,None,60,45,70,75,85,55,390,65
674,576,Gothitelle,"[Psychic, None]",Psychic,None,70,55,95,95,110,65,490,81
675,577,Solosis,"[Psychic, None]",Psychic,None,45,30,40,105,50,20,290,48
676,578,Duosion,"[Psychic, None]",Psychic,None,65,40,50,125,60,30,370,61
677,579,Reuniclus,"[Psychic, None]",Psychic,None,110,65,75,125,85,30,490,81
678,580,Ducklett,"[Water, Flying]",Water,Flying,62,44,50,44,50,55,305,50
679,581,Swanna,"[Water, Flying]",Water,Flying,75,87,63,87,63,98,473,78
680,582,Vanillite,"[Ice, None]",Ice,None,36,50,50,65,60,44,305,50
681,583,Vanillish,"[Ice, None]",Ice,None,51,65,65,80,75,59,395,65
682,584,Vanilluxe,"[Ice, None]",Ice,None,71,95,85,110,95,79,535,89
683,585,Deerling,"[Normal, Grass]",Normal,Grass,60,60,50,40,50,75,335,55
684,586,Sawsbuck,"[Normal, Grass]",Normal,Grass,80,100,70,60,70,95,475,79
685,587,Emolga,"[Electric, Flying]",Electric,Flying,55,75,60,75,60,103,428,71
686,588,Karrablast,"[Bug, None]",Bug,None,50,75,45,40,45,60,315,52
687,589,Escavalier,"[Bug, Steel]",Bug,Steel,70,135,105,60,105,20,495,82
688,590,Foongus,"[Grass, Poison]",Grass,Poison,69,55,45,55,55,15,294,49
689,591,Amoonguss,"[Grass, Poison]",Grass,Poison,114,85,70,85,80,30,464,77
690,592,Frillish,"[Water, Ghost]",Water,Ghost,55,40,50,65,85,40,335,55
691,593,Jellicent,"[Water, Ghost]",Water,Ghost,100,60,70,85,105,60,480,80
692,594,Alomomola,"[Water, None]",Water,None,165,75,80,40,45,65,470,78
693,595,Joltik,"[Bug, Electric]",Bug,Electric,50,47,50,57,50,65,319,53
694,596,Galvantula,"[Bug, Electric]",Bug,Electric,70,77,60,97,60,108,472,78
695,597,Ferroseed,"[Grass, Steel]",Grass,Steel,44,50,91,24,86,10,305,50
696,598,Ferrothorn,"[Grass, Steel]",Grass,Steel,74,94,131,54,116,20,489,81
697,599,Klink,"[Steel, None]",Steel,None,40,55,70,45,60,30,300,50
698,600,Klang,"[Steel, None]",Steel,None,60,80,95,70,85,50,440,73
699,601,Klinklang,"[Steel, None]",Steel,None,60,100,115,70,85,90,520,86
700,602,Tynamo,"[Electric, None]",Electric,None,35,55,40,45,40,60,275,45
701,603,Eelektrik,"[Electric, None]",Electric,None,65,85,70,75,70,40,405,67
702,604,Eelektross,"[Electric, None]",Electric,None,85,115,80,105,80,50,515,85
703,605,Elgyem,"[Psychic, None]",Psychic,None,55,55,55,85,55,30,335,55
704,606,Beheeyem,"[Psychic, None]",Psychic,None,75,75,75,125,95,40,485,80
705,607,Litwick,"[Ghost, Fire]",Ghost,Fire,50,30,55,65,55,20,275,45
706,608,Lampent,"[Ghost, Fire]",Ghost,Fire,60,40,60,95,60,55,370,61
707,609,Chandelure,"[Ghost, Fire]",Ghost,Fire,60,55,90,145,90,80,520,86
708,610,Axew,"[Dragon, None]",Dragon,None,46,87,60,30,40,57,320,53
709,611,Fraxure,"[Dragon, None]",Dragon,None,66,117,70,40,50,67,410,68
710,612,Haxorus,"[Dragon, None]",Dragon,None,76,147,90,60,70,97,540,90
711,613,Cubchoo,"[Ice, None]",Ice,None,55,70,40,60,40,40,305,50
712,614,Beartic,"[Ice, None]",Ice,None,95,130,80,70,80,50,505,84
713,615,Cryogonal,"[Ice, None]",Ice,None,80,50,50,95,135,105,515,85
714,616,Shelmet,"[Bug, None]",Bug,None,50,40,85,40,65,25,305,50
715,617,Accelgor,"[Bug, None]",Bug,None,80,70,40,100,60,145,495,82
716,618,Stunfisk,"[Ground, Electric]",Ground,Electric,109,66,84,81,99,32,471,78
717,618,Stunfisk Galarian Stunfisk,"[Ground, Steel]",Ground,Steel,109,81,99,66,84,32,471,78
718,619,Mienfoo,"[Fighting, None]",Fighting,None,45,85,50,55,50,65,350,58
719,620,Mienshao,"[Fighting, None]",Fighting,None,65,125,60,95,60,105,510,85
720,621,Druddigon,"[Dragon, None]",Dragon,None,77,120,90,60,90,48,485,80
721,622,Golett,"[Ground, Ghost]",Ground,Ghost,59,74,50,35,50,35,303,50
722,623,Golurk,"[Ground, Ghost]",Ground,Ghost,89,124,80,55,80,55,483,80
723,624,Pawniard,"[Dark, Steel]",Dark,Steel,45,85,70,40,40,60,340,56
724,625,Bisharp,"[Dark, Steel]",Dark,Steel,65,125,100,60,70,70,490,81
725,626,Bouffalant,"[Normal, None]",Normal,None,95,110,95,40,95,55,490,81
726,627,Rufflet,"[Normal, Flying]",Normal,Flying,70,83,50,37,50,60,350,58
727,628,Braviary,"[Normal, Flying]",Normal,Flying,100,123,75,57,75,80,510,85
728,629,Vullaby,"[Dark, Flying]",Dark,Flying,70,55,75,45,65,60,370,61
729,630,Mandibuzz,"[Dark, Flying]",Dark,Flying,110,65,105,55,95,80,510,85
730,631,Heatmor,"[Fire, None]",Fire,None,85,97,66,105,66,65,484,80
731,632,Durant,"[Bug, Steel]",Bug,Steel,58,109,112,48,48,109,484,80
732,633,Deino,"[Dark, Dragon]",Dark,Dragon,52,65,50,45,50,38,300,50
733,634,Zweilous,"[Dark, Dragon]",Dark,Dragon,72,85,70,65,70,58,420,70
734,635,Hydreigon,"[Dark, Dragon]",Dark,Dragon,92,105,90,125,90,98,600,100
735,636,Larvesta,"[Bug, Fire]",Bug,Fire,55,85,55,50,55,60,360,60
736,637,Volcarona,"[Bug, Fire]",Bug,Fire,85,60,65,135,105,100,550,91
737,638,Cobalion,"[Steel, Fighting]",Steel,Fighting,91,90,129,90,72,108,580,96
738,639,Terrakion,"[Rock, Fighting]",Rock,Fighting,91,129,90,72,90,108,580,96
739,640,Virizion,"[Grass, Fighting]",Grass,Fighting,91,90,72,90,129,108,580,96
740,641,Tornadus Incarnate Forme,"[Flying, None]",Flying,None,79,115,70,125,80,111,580,96
741,641,Tornadus Therian Forme,"[Flying, None]",Flying,None,79,100,80,110,90,121,580,96
742,642,Thundurus Incarnate Forme,"[Electric, Flying]",Electric,Flying,79,115,70,125,80,111,580,96
743,642,Thundurus Therian Forme,"[Electric, Flying]",Electric,Flying,79,105,70,145,80,101,580,96
744,643,Reshiram,"[Dragon, Fire]",Dragon,Fire,100,120,100,150,120,90,680,113
745,644,Zekrom,"[Dragon, Electric]",Dragon,Electric,100,150,120,120,100,90,680,113
746,645,Landorus Incarnate Forme,"[Ground, Flying]",Ground,Flying,89,125,90,115,80,101,600,100
747,645,Landorus Therian Forme,"[Ground, Flying]",Ground,Flying,89,145,90,105,80,91,600,100
748,646,Kyurem,"[Dragon, Ice]",Dragon,Ice,125,130,90,130,90,95,660,110
749,646,Kyurem Black Kyurem,"[Dragon, Ice]",Dragon,Ice,125,170,100,120,90,95,700,116
750,646,Kyurem White Kyurem,"[Dragon, Ice]",Dragon,Ice,125,120,90,170,100,95,700,116
751,647,Keldeo Ordinary Forme,"[Water, Fighting]",Water,Fighting,91,72,90,129,90,108,580,96
752,647,Keldeo Resolute Forme,"[Water, Fighting]",Water,Fighting,91,72,90,129,90,108,580,96
753,648,Meloetta Aria Forme,"[Normal, Psychic]",Normal,Psychic,100,77,77,128,128,90,600,100
754,648,Meloetta Pirouette Forme,"[Normal, Fighting]",Normal,Fighting,100,128,90,77,77,128,600,100
755,649,Genesect,"[Bug, Steel]",Bug,Steel,71,120,95,120,95,99,600,100
756,650,Chespin,"[Grass, None]",Grass,None,56,61,65,48,45,38,313,52
757,651,Quilladin,"[Grass, None]",Grass,None,61,78,95,56,58,57,405,67
758,652,Chesnaught,"[Grass, Fighting]",Grass,Fighting,88,107,122,74,75,64,530,88
759,653,Fennekin,"[Fire, None]",Fire,None,40,45,40,62,60,60,307,51
760,654,Braixen,"[Fire, None]",Fire,None,59,59,58,90,70,73,409,68
761,655,Delphox,"[Fire, Psychic]",Fire,Psychic,75,69,72,114,100,104,534,89
762,656,Froakie,"[Water, None]",Water,None,41,56,40,62,44,71,314,52
763,657,Frogadier,"[Water, None]",Water,None,54,63,52,83,56,97,405,67
764,658,Greninja,"[Water, Dark]",Water,Dark,72,95,67,103,71,122,530,88
765,658,Greninja Ash-Greninja,"[Water, Dark]",Water,Dark,72,145,67,153,71,132,640,106
766,659,Bunnelby,"[Normal, None]",Normal,None,38,36,38,32,36,57,237,39
767,660,Diggersby,"[Normal, Ground]",Normal,Ground,85,56,77,50,77,78,423,70
768,661,Fletchling,"[Normal, Flying]",Normal,Flying,45,50,43,40,38,62,278,46
769,662,Fletchinder,"[Fire, Flying]",Fire,Flying,62,73,55,56,52,84,382,63
770,663,Talonflame,"[Fire, Flying]",Fire,Flying,78,81,71,74,69,126,499,83
771,664,Scatterbug,"[Bug, None]",Bug,None,38,35,40,27,25,35,200,33
772,665,Spewpa,"[Bug, None]",Bug,None,45,22,60,27,30,29,213,35
773,666,Vivillon,"[Bug, Flying]",Bug,Flying,80,52,50,90,50,89,411,68
774,667,Litleo,"[Fire, Normal]",Fire,Normal,62,50,58,73,54,72,369,61
775,668,Pyroar,"[Fire, Normal]",Fire,Normal,86,68,72,109,66,106,507,84
776,669,Flabébé,"[Fairy, None]",Fairy,None,44,38,39,61,79,42,303,50
777,670,Floette,"[Fairy, None]",Fairy,None,54,45,47,75,98,52,371,61
778,671,Florges,"[Fairy, None]",Fairy,None,78,65,68,112,154,75,552,92
779,672,Skiddo,"[Grass, None]",Grass,None,66,65,48,62,57,52,350,58
780,673,Gogoat,"[Grass, None]",Grass,None,123,100,62,97,81,68,531,88
781,674,Pancham,"[Fighting, None]",Fighting,None,67,82,62,46,48,43,348,58
782,675,Pangoro,"[Fighting, Dark]",Fighting,Dark,95,124,78,69,71,58,495,82
783,676,Furfrou,"[Normal, None]",Normal,None,75,80,60,65,90,102,472,78
784,677,Espurr,"[Psychic, None]",Psychic,None,62,48,54,63,60,68,355,59
785,678,Meowstic Male,"[Psychic, None]",Psychic,None,74,48,76,83,81,104,466,77
786,678,Meowstic Female,"[Psychic, None]",Psychic,None,74,48,76,83,81,104,466,77
787,679,Honedge,"[Steel, Ghost]",Steel,Ghost,45,80,100,35,37,28,325,54
788,680,Doublade,"[Steel, Ghost]",Steel,Ghost,59,110,150,45,49,35,448,74
789,681,Aegislash Blade Forme,"[Steel, Ghost]",Steel,Ghost,60,150,50,150,50,60,520,86
790,681,Aegislash Shield Forme,"[Steel, Ghost]",Steel,Ghost,60,50,150,50,150,60,520,86
791,682,Spritzee,"[Fairy, None]",Fairy,None,78,52,60,63,65,23,341,56
792,683,Aromatisse,"[Fairy, None]",Fairy,None,101,72,72,99,89,29,462,77
793,684,Swirlix,"[Fairy, None]",Fairy,None,62,48,66,59,57,49,341,56
794,685,Slurpuff,"[Fairy, None]",Fairy,None,82,80,86,85,75,72,480,80
795,686,Inkay,"[Dark, Psychic]",Dark,Psychic,53,54,53,37,46,45,288,48
796,687,Malamar,"[Dark, Psychic]",Dark,Psychic,86,92,88,68,75,73,482,80
797,688,Binacle,"[Rock, Water]",Rock,Water,42,52,67,39,56,50,306,51
798,689,Barbaracle,"[Rock, Water]",Rock,Water,72,105,115,54,86,68,500,83
799,690,Skrelp,"[Poison, Water]",Poison,Water,50,60,60,60,60,30,320,53
800,691,Dragalge,"[Poison, Dragon]",Poison,Dragon,65,75,90,97,123,44,494,82
801,692,Clauncher,"[Water, None]",Water,None,50,53,62,58,63,44,330,55
802,693,Clawitzer,"[Water, None]",Water,None,71,73,88,120,89,59,500,83
803,694,Helioptile,"[Electric, Normal]",Electric,Normal,44,38,33,61,43,70,289,48
804,695,Heliolisk,"[Electric, Normal]",Electric,Normal,62,55,52,109,94,109,481,80
805,696,Tyrunt,"[Rock, Dragon]",Rock,Dragon,58,89,77,45,45,48,362,60
806,697,Tyrantrum,"[Rock, Dragon]",Rock,Dragon,82,121,119,69,59,71,521,86
807,698,Amaura,"[Rock, Ice]",Rock,Ice,77,59,50,67,63,46,362,60
808,699,Aurorus,"[Rock, Ice]",Rock,Ice,123,77,72,99,92,58,521,86
809,700,Sylveon,"[Fairy, None]",Fairy,None,95,65,65,110,130,60,525,87
810,701,Hawlucha,"[Fighting, Flying]",Fighting,Flying,78,92,75,74,63,118,500,83
811,702,Dedenne,"[Electric, Fairy]",Electric,Fairy,67,58,57,81,67,101,431,71
812,703,Carbink,"[Rock, Fairy]",Rock,Fairy,50,50,150,50,150,50,500,83
813,704,Goomy,"[Dragon, None]",Dragon,None,45,50,35,55,75,40,300,50
814,705,Sliggoo,"[Dragon, None]",Dragon,None,68,75,53,83,113,60,452,75
815,706,Goodra,"[Dragon, None]",Dragon,None,90,100,70,110,150,80,600,100
816,707,Klefki,"[Steel, Fairy]",Steel,Fairy,57,80,91,80,87,75,470,78
817,708,Phantump,"[Ghost, Grass]",Ghost,Grass,43,70,48,50,60,38,309,51
818,709,Trevenant,"[Ghost, Grass]",Ghost,Grass,85,110,76,65,82,56,474,79
819,710,Pumpkaboo Average Size,"[Ghost, Grass]",Ghost,Grass,49,66,70,44,55,51,335,55
820,710,Pumpkaboo Small Size,"[Ghost, Grass]",Ghost,Grass,44,66,70,44,55,56,335,55
821,710,Pumpkaboo Large Size,"[Ghost, Grass]",Ghost,Grass,54,66,70,44,55,46,335,55
822,710,Pumpkaboo Super Size,"[Ghost, Grass]",Ghost,Grass,59,66,70,44,55,41,335,55
823,711,Gourgeist Average Size,"[Ghost, Grass]",Ghost,Grass,65,90,122,58,75,84,494,82
824,711,Gourgeist Small Size,"[Ghost, Grass]",Ghost,Grass,55,85,122,58,75,99,494,82
825,711,Gourgeist Large Size,"[Ghost, Grass]",Ghost,Grass,75,95,122,58,75,69,494,82
826,711,Gourgeist Super Size,"[Ghost, Grass]",Ghost,Grass,85,100,122,58,75,54,494,82
827,712,Bergmite,"[Ice, None]",Ice,None,55,69,85,32,35,28,304,50
828,713,Avalugg,"[Ice, None]",Ice,None,95,117,184,44,46,28,514,85
829,714,Noibat,"[Flying, Dragon]",Flying,Dragon,40,30,35,45,40,55,245,40
830,715,Noivern,"[Flying, Dragon]",Flying,Dragon,85,70,80,97,80,123,535,89
831,716,Xerneas,"[Fairy, None]",Fairy,None,126,131,95,131,98,99,680,113
832,717,Yveltal,"[Dark, Flying]",Dark,Flying,126,131,95,131,98,99,680,113
833,718,Zygarde 50% Forme,"[Dragon, Ground]",Dragon,Ground,108,100,121,81,95,95,600,100
834,718,Zygarde 10% Forme,"[Dragon, Ground]",Dragon,Ground,54,100,71,61,85,115,486,81
835,718,Zygarde Complete Forme,"[Dragon, Ground]",Dragon,Ground,216,100,121,91,95,85,708,118
836,719,Diancie,"[Rock, Fairy]",Rock,Fairy,50,100,150,100,150,50,600,100
837,719,Diancie Mega Diancie,"[Rock, Fairy]",Rock,Fairy,50,160,110,160,110,110,700,116
838,720,Hoopa Hoopa Confined,"[Psychic, Ghost]",Psychic,Ghost,80,110,60,150,130,70,600,100
839,720,Hoopa Hoopa Unbound,"[Psychic, Dark]",Psychic,Dark,80,160,60,170,130,80,680,113
840,721,Volcanion,"[Fire, Water]",Fire,Water,80,110,120,130,90,70,600,100
841,722,Rowlet,"[Grass, Flying]",Grass,Flying,68,55,55,50,50,42,320,53
842,723,Dartrix,"[Grass, Flying]",Grass,Flying,78,75,75,70,70,52,420,70
843,724,Decidueye,"[Grass, Ghost]",Grass,Ghost,78,107,75,100,100,70,530,88
844,725,Litten,"[Fire, None]",Fire,None,45,65,40,60,40,70,320,53
845,726,Torracat,"[Fire, None]",Fire,None,65,85,50,80,50,90,420,70
846,727,Incineroar,"[Fire, Dark]",Fire,Dark,95,115,90,80,90,60,530,88
847,728,Popplio,"[Water, None]",Water,None,50,54,54,66,56,40,320,53
848,729,Brionne,"[Water, None]",Water,None,60,69,69,91,81,50,420,70
849,730,Primarina,"[Water, Fairy]",Water,Fairy,80,74,74,126,116,60,530,88
850,731,Pikipek,"[Normal, Flying]",Normal,Flying,35,75,30,30,30,65,265,44
851,732,Trumbeak,"[Normal, Flying]",Normal,Flying,55,85,50,40,50,75,355,59
852,733,Toucannon,"[Normal, Flying]",Normal,Flying,80,120,75,75,75,60,485,80
853,734,Yungoos,"[Normal, None]",Normal,None,48,70,30,30,30,45,253,42
854,735,Gumshoos,"[Normal, None]",Normal,None,88,110,60,55,60,45,418,69
855,736,Grubbin,"[Bug, None]",Bug,None,47,62,45,55,45,46,300,50
856,737,Charjabug,"[Bug, Electric]",Bug,Electric,57,82,95,55,75,36,400,66
857,738,Vikavolt,"[Bug, Electric]",Bug,Electric,77,70,90,145,75,43,500,83
858,739,Crabrawler,"[Fighting, None]",Fighting,None,47,82,57,42,47,63,338,56
859,740,Crabominable,"[Fighting, Ice]",Fighting,Ice,97,132,77,62,67,43,478,79
860,741,Oricorio Baile Style,"[Fire, Flying]",Fire,Flying,75,70,70,98,70,93,476,79
861,741,Oricorio Pom-Pom Style,"[Electric, Flying]",Electric,Flying,75,70,70,98,70,93,476,79
862,741,Oricorio Pa'u Style,"[Psychic, Flying]",Psychic,Flying,75,70,70,98,70,93,476,79
863,741,Oricorio Sensu Style,"[Ghost, Flying]",Ghost,Flying,75,70,70,98,70,93,476,79
864,742,Cutiefly,"[Bug, Fairy]",Bug,Fairy,40,45,40,55,40,84,304,50
865,743,Ribombee,"[Bug, Fairy]",Bug,Fairy,60,55,60,95,70,124,464,77
866,744,Rockruff,"[Rock, None]",Rock,None,45,65,40,30,40,60,280,46
867,744,Rockruff Own Tempo Rockruff,"[Rock, None]",Rock,None,45,65,40,30,40,60,280,46
868,745,Lycanroc Midday Form,"[Rock, None]",Rock,None,75,115,65,55,65,112,487,81
869,745,Lycanroc Midnight Form,"[Rock, None]",Rock,None,85,115,75,55,75,82,487,81
870,745,Lycanroc Dusk Form,"[Rock, None]",Rock,None,75,117,65,55,65,110,487,81
871,746,Wishiwashi Solo Form,"[Water, None]",Water,None,45,20,20,25,25,40,175,29
872,746,Wishiwashi School Form,"[Water, None]",Water,None,45,140,130,140,135,30,620,103
873,747,Mareanie,"[Poison, Water]",Poison,Water,50,53,62,43,52,45,305,50
874,748,Toxapex,"[Poison, Water]",Poison,Water,50,63,152,53,142,35,495,82
875,749,Mudbray,"[Ground, None]",Ground,None,70,100,70,45,55,45,385,64
876,750,Mudsdale,"[Ground, None]",Ground,None,100,125,100,55,85,35,500,83
877,751,Dewpider,"[Water, Bug]",Water,Bug,38,40,52,40,72,27,269,44
878,752,Araquanid,"[Water, Bug]",Water,Bug,68,70,92,50,132,42,454,75
879,753,Fomantis,"[Grass, None]",Grass,None,40,55,35,50,35,35,250,41
880,754,Lurantis,"[Grass, None]",Grass,None,70,105,90,80,90,45,480,80
881,755,Morelull,"[Grass, Fairy]",Grass,Fairy,40,35,55,65,75,15,285,47
882,756,Shiinotic,"[Grass, Fairy]",Grass,Fairy,60,45,80,90,100,30,405,67
883,757,Salandit,"[Poison, Fire]",Poison,Fire,48,44,40,71,40,77,320,53
884,758,Salazzle,"[Poison, Fire]",Poison,Fire,68,64,60,111,60,117,480,80
885,759,Stufful,"[Normal, Fighting]",Normal,Fighting,70,75,50,45,50,50,340,56
886,760,Bewear,"[Normal, Fighting]",Normal,Fighting,120,125,80,55,60,60,500,83
887,761,Bounsweet,"[Grass, None]",Grass,None,42,30,38,30,38,32,210,35
888,762,Steenee,"[Grass, None]",Grass,None,52,40,48,40,48,62,290,48
889,763,Tsareena,"[Grass, None]",Grass,None,72,120,98,50,98,72,510,85
890,764,Comfey,"[Fairy, None]",Fairy,None,51,52,90,82,110,100,485,80
891,765,Oranguru,"[Normal, Psychic]",Normal,Psychic,90,60,80,90,110,60,490,81
892,766,Passimian,"[Fighting, None]",Fighting,None,100,120,90,40,60,80,490,81
893,767,Wimpod,"[Bug, Water]",Bug,Water,25,35,40,20,30,80,230,38
894,768,Golisopod,"[Bug, Water]",Bug,Water,75,125,140,60,90,40,530,88
895,769,Sandygast,"[Ghost, Ground]",Ghost,Ground,55,55,80,70,45,15,320,53
896,770,Palossand,"[Ghost, Ground]",Ghost,Ground,85,75,110,100,75,35,480,80
897,771,Pyukumuku,"[Water, None]",Water,None,55,60,130,30,130,5,410,68
898,772,Type: Null,"[Normal, None]",Normal,None,95,95,95,95,95,59,534,89
899,773,Silvally,"[Normal, None]",Normal,None,95,95,95,95,95,95,570,95
900,774,Minior Meteor Form,"[Rock, Flying]",Rock,Flying,60,60,100,60,100,60,440,73
901,774,Minior Core Form,"[Rock, Flying]",Rock,Flying,60,100,60,100,60,120,500,83
902,775,Komala,"[Normal, None]",Normal,None,65,115,65,75,95,65,480,80
903,776,Turtonator,"[Fire, Dragon]",Fire,Dragon,60,78,135,91,85,36,485,80
904,777,Togedemaru,"[Electric, Steel]",Electric,Steel,65,98,63,40,73,96,435,72
905,778,Mimikyu,"[Ghost, Fairy]",Ghost,Fairy,55,90,80,50,105,96,476,79
906,779,Bruxish,"[Water, Psychic]",Water,Psychic,68,105,70,70,70,92,475,79
907,780,Drampa,"[Normal, Dragon]",Normal,Dragon,78,60,85,135,91,36,485,80
908,781,Dhelmise,"[Ghost, Grass]",Ghost,Grass,70,131,100,86,90,40,517,86
909,782,Jangmo-o,"[Dragon, None]",Dragon,None,45,55,65,45,45,45,300,50
910,783,Hakamo-o,"[Dragon, Fighting]",Dragon,Fighting,55,75,90,65,70,65,420,70
911,784,Kommo-o,"[Dragon, Fighting]",Dragon,Fighting,75,110,125,100,105,85,600,100
912,785,Tapu Koko,"[Electric, Fairy]",Electric,Fairy,70,115,85,95,75,130,570,95
913,786,Tapu Lele,"[Psychic, Fairy]",Psychic,Fairy,70,85,75,130,115,95,570,95
914,787,Tapu Bulu,"[Grass, Fairy]",Grass,Fairy,70,130,115,85,95,75,570,95
915,788,Tapu Fini,"[Water, Fairy]",Water,Fairy,70,75,115,95,130,85,570,95
916,789,Cosmog,"[Psychic, None]",Psychic,None,43,29,31,29,31,37,200,33
917,790,Cosmoem,"[Psychic, None]",Psychic,None,43,29,131,29,131,37,400,66
918,791,Solgaleo,"[Psychic, Steel]",Psychic,Steel,137,137,107,113,89,97,680,113
919,792,Lunala,"[Psychic, Ghost]",Psychic,Ghost,137,113,89,137,107,97,680,113
920,793,Nihilego,"[Rock, Poison]",Rock,Poison,109,53,47,127,131,103,570,95
921,794,Buzzwole,"[Bug, Fighting]",Bug,Fighting,107,139,139,53,53,79,570,95
922,795,Pheromosa,"[Bug, Fighting]",Bug,Fighting,71,137,37,137,37,151,570,95
923,796,Xurkitree,"[Electric, None]",Electric,None,83,89,71,173,71,83,570,95
924,797,Celesteela,"[Steel, Flying]",Steel,Flying,97,101,103,107,101,61,570,95
925,798,Kartana,"[Grass, Steel]",Grass,Steel,59,181,131,59,31,109,570,95
926,799,Guzzlord,"[Dark, Dragon]",Dark,Dragon,223,101,53,97,53,43,570,95
927,800,Necrozma,"[Psychic, None]",Psychic,None,97,107,101,127,89,79,600,100
928,800,Necrozma Dusk Mane Necrozma,"[Psychic, Steel]",Psychic,Steel,97,157,127,113,109,77,680,113
929,800,Necrozma Dawn Wings Necrozma,"[Psychic, Ghost]",Psychic,Ghost,97,113,109,157,127,77,680,113
930,800,Necrozma Ultra Necrozma,"[Psychic, Dragon]",Psychic,Dragon,97,167,97,167,97,129,754,125
931,801,Magearna,"[Steel, Fairy]",Steel,Fairy,80,95,115,130,115,65,600,100
932,802,Marshadow,"[Fighting, Ghost]",Fighting,Ghost,90,125,80,90,90,125,600,100
933,803,Poipole,"[Poison, None]",Poison,None,67,73,67,73,67,73,420,70
934,804,Naganadel,"[Poison, Dragon]",Poison,Dragon,73,73,73,127,73,121,540,90
935,805,Stakataka,"[Rock, Steel]",Rock,Steel,61,131,211,53,101,13,570,95
936,806,Blacephalon,"[Fire, Ghost]",Fire,Ghost,53,127,53,151,79,107,570,95
937,807,Zeraora,"[Electric, None]",Electric,None,88,112,75,102,80,143,600,100
938,808,Meltan,"[Steel, None]",Steel,None,46,65,65,55,35,34,300,50
939,809,Melmetal,"[Steel, None]",Steel,None,135,143,143,80,65,34,600,100
940,810,Grookey,"[Grass, None]",Grass,None,50,65,50,40,40,65,310,51
941,811,Thwackey,"[Grass, None]",Grass,None,70,85,70,55,60,80,420,70
942,812,Rillaboom,"[Grass, None]",Grass,None,100,125,90,60,70,85,530,88
943,813,Scorbunny,"[Fire, None]",Fire,None,50,71,40,40,40,69,310,51
944,814,Raboot,"[Fire, None]",Fire,None,65,86,60,55,60,94,420,70
945,815,Cinderace,"[Fire, None]",Fire,None,80,116,75,65,75,119,530,88
946,816,Sobble,"[Water, None]",Water,None,50,40,40,70,40,70,310,51
947,817,Drizzile,"[Water, None]",Water,None,65,60,55,95,55,90,420,70
948,818,Inteleon,"[Water, None]",Water,None,70,85,65,125,65,120,530,88
949,819,Skwovet,"[Normal, None]",Normal,None,70,55,55,35,35,25,275,45
950,820,Greedent,"[Normal, None]",Normal,None,120,95,95,55,75,20,460,76
951,821,Rookidee,"[Flying, None]",Flying,None,38,47,35,33,35,57,245,40
952,822,Corvisquire,"[Flying, None]",Flying,None,68,67,55,43,55,77,365,60
953,823,Corviknight,"[Flying, Steel]",Flying,Steel,98,87,105,53,85,67,495,82
954,824,Blipbug,"[Bug, None]",Bug,None,25,20,20,25,45,45,180,30
955,825,Dottler,"[Bug, Psychic]",Bug,Psychic,50,35,80,50,90,30,335,55
956,826,Orbeetle,"[Bug, Psychic]",Bug,Psychic,60,45,110,80,120,90,505,84
957,827,Nickit,"[Dark, None]",Dark,None,40,28,28,47,52,50,245,40
958,828,Thievul,"[Dark, None]",Dark,None,70,58,58,87,92,90,455,75
959,829,Gossifleur,"[Grass, None]",Grass,None,40,40,60,40,60,10,250,41
960,830,Eldegoss,"[Grass, None]",Grass,None,60,50,90,80,120,60,460,76
961,831,Wooloo,"[Normal, None]",Normal,None,42,40,55,40,45,48,270,45
962,832,Dubwool,"[Normal, None]",Normal,None,72,80,100,60,90,88,490,81
963,833,Chewtle,"[Water, None]",Water,None,50,64,50,38,38,44,284,47
964,834,Drednaw,"[Water, Rock]",Water,Rock,90,115,90,48,68,74,485,80
965,835,Yamper,"[Electric, None]",Electric,None,59,45,50,40,50,26,270,45
966,836,Boltund,"[Electric, None]",Electric,None,69,90,60,90,60,121,490,81
967,837,Rolycoly,"[Rock, None]",Rock,None,30,40,50,40,50,30,240,40
968,838,Carkol,"[Rock, Fire]",Rock,Fire,80,60,90,60,70,50,410,68
969,839,Coalossal,"[Rock, Fire]",Rock,Fire,110,80,120,80,90,30,510,85
970,840,Applin,"[Grass, Dragon]",Grass,Dragon,40,40,80,40,40,20,260,43
971,841,Flapple,"[Grass, Dragon]",Grass,Dragon,70,110,80,95,60,70,485,80
972,842,Appletun,"[Grass, Dragon]",Grass,Dragon,110,85,80,100,80,30,485,80
973,843,Silicobra,"[Ground, None]",Ground,None,52,57,75,35,50,46,315,52
974,844,Sandaconda,"[Ground, None]",Ground,None,72,107,125,65,70,71,510,85
975,845,Cramorant,"[Flying, Water]",Flying,Water,70,85,55,85,95,85,475,79
976,846,Arrokuda,"[Water, None]",Water,None,41,63,40,40,30,66,280,46
977,847,Barraskewda,"[Water, None]",Water,None,61,123,60,60,50,136,490,81
978,848,Toxel,"[Electric, Poison]",Electric,Poison,40,38,35,54,35,40,242,40
979,849,Toxtricity Low Key Form,"[Electric, Poison]",Electric,Poison,75,98,70,114,70,75,502,83
980,849,Toxtricity Amped Form,"[Electric, Poison]",Electric,Poison,75,98,70,114,70,75,502,83
981,850,Sizzlipede,"[Fire, Bug]",Fire,Bug,50,65,45,50,50,45,305,50
982,851,Centiskorch,"[Fire, Bug]",Fire,Bug,100,115,65,90,90,65,525,87
983,852,Clobbopus,"[Fighting, None]",Fighting,None,50,68,60,50,50,32,310,51
984,853,Grapploct,"[Fighting, None]",Fighting,None,80,118,90,70,80,42,480,80
985,854,Sinistea,"[Ghost, None]",Ghost,None,40,45,45,74,54,50,308,51
986,855,Polteageist,"[Ghost, None]",Ghost,None,60,65,65,134,114,70,508,84
987,856,Hatenna,"[Psychic, None]",Psychic,None,42,30,45,56,53,39,265,44
988,857,Hattrem,"[Psychic, None]",Psychic,None,57,40,65,86,73,49,370,61
989,858,Hatterene,"[Psychic, Fairy]",Psychic,Fairy,57,90,95,136,103,29,510,85
990,859,Impidimp,"[Dark, Fairy]",Dark,Fairy,45,45,30,55,40,50,265,44
991,860,Morgrem,"[Dark, Fairy]",Dark,Fairy,65,60,45,75,55,70,370,61
992,861,Grimmsnarl,"[Dark, Fairy]",Dark,Fairy,95,120,65,95,75,60,510,85
993,862,Obstagoon,"[Dark, Normal]",Dark,Normal,93,90,101,60,81,95,520,86
994,863,Perrserker,"[Steel, None]",Steel,None,70,110,100,50,60,50,440,73
995,864,Cursola,"[Ghost, None]",Ghost,None,60,95,50,145,130,30,510,85
996,865,Sirfetch'd,"[Fighting, None]",Fighting,None,62,135,95,68,82,65,507,84
997,866,Mr. Rime,"[Psychic, Ice]",Psychic,Ice,80,85,75,110,100,70,520,86
998,867,Runerigus,"[Ground, Ghost]",Ground,Ghost,58,95,145,50,105,30,483,80
999,868,Milcery,"[Fairy, None]",Fairy,None,45,40,40,50,61,34,270,45
1000,869,Alcremie,"[Fairy, None]",Fairy,None,65,60,75,110,121,64,495,82
1001,870,Falinks,"[Fighting, None]",Fighting,None,65,100,100,70,60,75,470,78
1002,871,Pincurchin,"[Electric, None]",Electric,None,48,101,95,91,85,15,435,72
1003,872,Snom,"[Ice, Bug]",Ice,Bug,30,25,35,45,30,20,185,30
1004,873,Frosmoth,"[Ice, Bug]",Ice,Bug,70,65,60,125,90,65,475,79
1005,874,Stonjourner,"[Rock, None]",Rock,None,100,125,135,20,20,70,470,78
1006,875,Eiscue Ice Face,"[Ice, None]",Ice,None,75,80,110,65,90,50,470,78
1007,875,Eiscue Noice Face,"[Ice, None]",Ice,None,75,80,70,65,50,130,470,78
1008,876,Indeedee Male,"[Psychic, Normal]",Psychic,Normal,60,65,55,105,95,95,475,79
1009,876,Indeedee Female,"[Psychic, Normal]",Psychic,Normal,70,55,65,95,105,85,475,79
1010,877,Morpeko Full Belly Mode,"[Electric, Dark]",Electric,Dark,58,95,58,70,58,97,436,72
1011,877,Morpeko Hangry Mode,"[Electric, Dark]",Electric,Dark,58,95,58,70,58,97,436,72
1012,878,Cufant,"[Steel, None]",Steel,None,72,80,49,40,49,40,330,55
1013,879,Copperajah,"[Steel, None]",Steel,None,122,130,69,80,69,30,500,83
1014,880,Dracozolt,"[Electric, Dragon]",Electric,Dragon,90,100,90,80,70,75,505,84
1015,881,Arctozolt,"[Electric, Ice]",Electric,Ice,90,100,90,90,80,55,505,84
1016,882,Dracovish,"[Water, Dragon]",Water,Dragon,90,90,100,70,80,75,505,84
1017,883,Arctovish,"[Water, Ice]",Water,Ice,90,90,100,80,90,55,505,84
1018,884,Duraludon,"[Steel, Dragon]",Steel,Dragon,70,95,115,120,50,85,535,89
1019,885,Dreepy,"[Dragon, Ghost]",Dragon,Ghost,28,60,30,40,30,82,270,45
1020,886,Drakloak,"[Dragon, Ghost]",Dragon,Ghost,68,80,50,60,50,102,410,68
1021,887,Dragapult,"[Dragon, Ghost]",Dragon,Ghost,88,120,75,100,75,142,600,100
1022,888,Zacian Crowned Sword,"[Fairy, Steel]",Fairy,Steel,92,170,115,80,115,148,720,120
1023,888,Zacian Hero of Many Battles,"[Fairy, None]",Fairy,None,92,130,115,80,115,138,670,111
1024,889,Zamazenta Crowned Shield,"[Fighting, Steel]",Fighting,Steel,92,130,145,80,145,128,720,120
1025,889,Zamazenta Hero of Many Battles,"[Fighting, None]",Fighting,None,92,130,115,80,115,138,670,111
1026,890,Eternatus,"[Poison, Dragon]",Poison,Dragon,140,85,95,145,95,130,690,115
1027,890,Eternatus Eternamax,"[Poison, Dragon]",Poison,Dragon,255,115,250,125,250,130,1125,187
